<?xml version="1.0" encoding="UTF-8"?><Measure xmlns="http://hl7.org/fhir"><id value="DAKTXCURR"/><url value="https://path-global-health.github.io/MERindicators/Measure/DAKTXCURR"/><identifier><value value="MERTXCURR"/></identifier><version value="0.1.0"/><name value="DAKTXCURR"/><title value="DAKTXCURR"/><status value="draft"/><experimental value="false"/><date value="2023-07-01"/><publisher value="PATH"/><contact><name value="PATH"/><telecom><system value="url"/><value value="https://www.path.org"/></telecom><telecom><system value="email"/><value value="info@path.org"/></telecom></contact><contact><name value="PATH"/><telecom><system value="email"/><value value="info@path.org"/><use value="work"/></telecom></contact><description value="DAKTXCURR"/><jurisdiction><coding><system value="http://unstats.un.org/unsd/methods/m49/m49.htm"/><code value="001"/><display value="World"/></coding></jurisdiction><library value="https://path-global-health.github.io/MERindicators/Library/DAKTXCURR"/><scoring><coding><system value="http://terminology.hl7.org/CodeSystem/measure-scoring"/><code value="continuous-variable"/></coding></scoring><group><population><extension url="http://hl7.org/fhir/us/cqfmeasures/StructureDefinition/cqfm-populationBasis"><valueCode value="boolean"/></extension><code><coding><system value="http://terminology.hl7.org/CodeSystem/measure-population"/><code value="initial-population"/></coding></code><description value="Initial Population"/><criteria><language value="text/cql"/><expression value="Initial Population"/></criteria></population><population id="measure-population"><extension url="http://hl7.org/fhir/us/cqfmeasures/StructureDefinition/cqfm-populationBasis"><valueCode value="boolean"/></extension><code><coding><system value="http://terminology.hl7.org/CodeSystem/measure-population"/><code value="measure-population"/></coding></code><description value="Measure Population"/><criteria><language value="text/cql"/><expression value="Measure Population"/></criteria></population><population><extension url="http://hl7.org/fhir/us/cqfmeasures/StructureDefinition/cqfm-populationBasis"><valueCode value="boolean"/></extension><code><coding><system value="http://terminology.hl7.org/CodeSystem/measure-population"/><code value="measure-population-exclusion"/></coding></code><description value="Measure Population Exclusion"/><criteria><language value="text/cql"/><expression value="Measure Population Exclusion"/></criteria></population><population><extension url="http://hl7.org/fhir/us/cqfmeasures/StructureDefinition/cqfm-criteriaReference"><valueString value="measure-population"/></extension><extension url="http://hl7.org/fhir/us/cqfmeasures/StructureDefinition/cqfm-aggregateMethod"><valueCode value="count"/></extension><code><coding><system value="http://terminology.hl7.org/CodeSystem/measure-population"/><code value="measure-observation"/></coding></code><description value="Measure Observation"/><criteria><language value="text/cql"/><expression value="Measure Observation"/></criteria></population><stratifier><criteria><language value="text/cql"/><expression value="Stratification"/></criteria></stratifier><stratifier><criteria><language value="text/cql"/><expression value="Dispense Stratification"/></criteria></stratifier></group></Measure>