<?xml version="1.0" encoding="UTF-8"?><ValueSet xmlns="http://hl7.org/fhir"><id value="DAKPLHIV"/><text><status value="generated"/><div xmlns="http://www.w3.org/1999/xhtml"><p>This value set includes codes based on the following rules:</p><ul><li>Include these codes as defined in <a href="CodeSystem-DAKICD11.html"><code>http://hl7.org/fhir/sid/icd-11</code></a><table class="none"><tr><td style="white-space:nowrap"><b>Code</b></td><td><b>Display</b></td></tr><tr><td><a href="CodeSystem-DAKICD11.html#DAKICD11-1C62.460">1C62.0</a></td><td>HIV disease clinical stage 1 without mention of tuberculosis or malaria</td></tr><tr><td><a href="CodeSystem-DAKICD11.html#DAKICD11-1C62.461">1C62.1</a></td><td>HIV disease clinical stage 2 without mention of tuberculosis or malaria</td></tr><tr><td><a href="CodeSystem-DAKICD11.html#DAKICD11-1C62.462">1C62.2</a></td><td>HIV disease clinical stage 3 without mention of tuberculosis or malaria</td></tr><tr><td><a href="CodeSystem-DAKICD11.html#DAKICD11-1C62.463">1C62.3</a></td><td>HIV disease clinical stage 4 without mention of tuberculosis or malaria</td></tr></table></li><li>Include these codes as defined in <a href="http://www.snomed.org/"><code>http://snomed.info/sct</code></a><table class="none"><tr><td style="white-space:nowrap"><b>Code</b></td><td><b>Display</b></td></tr><tr><td><a href="http://snomed.info/id/737378009">737378009</a></td><td>World Health Organization 2007 Human immunodeficiency virus infection clinical stage 1 (finding)</td></tr><tr><td><a href="http://snomed.info/id/737379001">737379001</a></td><td>World Health Organization 2007 Human immunodeficiency virus infection clinical stage 2 (finding)</td></tr><tr><td><a href="http://snomed.info/id/737380003">737380003</a></td><td>World Health Organization 2007 Human immunodeficiency virus infection clinical stage 3 (finding)</td></tr><tr><td><a href="http://snomed.info/id/737381004">737381004</a></td><td>World Health Organization 2007 Human immunodeficiency virus infection clinical stage 4 (finding)</td></tr></table></li></ul></div></text><url value="https://path-global-health.github.io/MERindicators/ValueSet/DAKPLHIV"/><version value="0.1.0"/><name value="DAKPLHIV"/><title value="WHO HIV Clinical Stages"/><status value="draft"/><experimental value="false"/><date value="2023-10-19T20:59:19+00:00"/><publisher value="PATH"/><contact><name value="PATH"/><telecom><system value="url"/><value value="https://www.path.org"/></telecom><telecom><system value="email"/><value value="info@path.org"/></telecom></contact><contact><name value="PATH"/><telecom><system value="email"/><value value="info@path.org"/><use value="work"/></telecom></contact><description value="WHO HIV Clinical Stages"/><jurisdiction><coding><system value="http://unstats.un.org/unsd/methods/m49/m49.htm"/><code value="001"/><display value="World"/></coding></jurisdiction><compose><include><system value="http://hl7.org/fhir/sid/icd-11"/><concept><code value="1C62.0"/><display value="HIV disease clinical stage 1 without mention of tuberculosis or malaria"/></concept><concept><code value="1C62.1"/><display value="HIV disease clinical stage 2 without mention of tuberculosis or malaria"/></concept><concept><code value="1C62.2"/><display value="HIV disease clinical stage 3 without mention of tuberculosis or malaria"/></concept><concept><code value="1C62.3"/><display value="HIV disease clinical stage 4 without mention of tuberculosis or malaria"/></concept></include><include><system value="http://snomed.info/sct"/><concept><code value="737378009"/><display value="World Health Organization 2007 Human immunodeficiency virus infection clinical stage 1 (finding)"/></concept><concept><code value="737379001"/><display value="World Health Organization 2007 Human immunodeficiency virus infection clinical stage 2 (finding)"/></concept><concept><code value="737380003"/><display value="World Health Organization 2007 Human immunodeficiency virus infection clinical stage 3 (finding)"/></concept><concept><code value="737381004"/><display value="World Health Organization 2007 Human immunodeficiency virus infection clinical stage 4 (finding)"/></concept></include></compose></ValueSet>