<?xml version="1.0" encoding="UTF-8"?><ValueSet xmlns="http://hl7.org/fhir"><id value="DAKONART"/><text><status value="generated"/><div xmlns="http://www.w3.org/1999/xhtml"><p>This value set includes codes based on the following rules:</p><ul><li>Include these codes as defined in <a href="CodeSystem-CIEL.html"><code>https://openconceptlab.org/orgs/CIEL/sources/CIEL</code></a><table class="none"><tr><td style="white-space:nowrap"><b>Code</b></td><td><b>Display</b></td></tr><tr><td><a href="CodeSystem-CIEL.html#CIEL-160119">160119</a></td><td>Currently taking ARV</td></tr></table></li><li>Include these codes as defined in <a href="CodeSystem-DAKICD11.html"><code>http://hl7.org/fhir/sid/icd-11</code></a><table class="none"><tr><td style="white-space:nowrap"><b>Code</b></td><td><b>Display</b></td></tr><tr><td><a href="CodeSystem-DAKICD11.html#DAKICD11-XM63K0">XM63K0</a></td><td>Anti-infective antiviral</td></tr></table></li><li>Include these codes as defined in <a href="http://www.snomed.org/"><code>http://snomed.info/sct</code></a><table class="none"><tr><td style="white-space:nowrap"><b>Code</b></td><td><b>Display</b></td></tr><tr><td><a href="http://snomed.info/id/182929008">182929008</a></td><td>Drug prophylaxis (procedure)</td></tr></table></li></ul></div></text><url value="https://path-global-health.github.io/MERindicators/ValueSet/DAKONART"/><version value="0.1.0"/><name value="DAKONART"/><title value="DAK Codes for On ART"/><status value="draft"/><experimental value="false"/><date value="2023-10-19T20:59:19+00:00"/><publisher value="PATH"/><contact><name value="PATH"/><telecom><system value="url"/><value value="https://www.path.org"/></telecom><telecom><system value="email"/><value value="info@path.org"/></telecom></contact><contact><name value="PATH"/><telecom><system value="email"/><value value="info@path.org"/><use value="work"/></telecom></contact><description value="HIV DAK codes for on ART"/><jurisdiction><coding><system value="http://unstats.un.org/unsd/methods/m49/m49.htm"/><code value="001"/><display value="World"/></coding></jurisdiction><compose><include><system value="https://openconceptlab.org/orgs/CIEL/sources/CIEL"/><concept><code value="160119"/><display value="Currently taking ARV"/></concept></include><include><system value="http://hl7.org/fhir/sid/icd-11"/><concept><code value="XM63K0"/><display value="Anti-infective antiviral"/></concept></include><include><system value="http://snomed.info/sct"/><concept><code value="182929008"/><display value="Drug prophylaxis (procedure)"/></concept></include></compose></ValueSet>