<?xml version="1.0" encoding="UTF-8"?><ValueSet xmlns="http://hl7.org/fhir"><id value="DAKARTVisit"/><text><status value="generated"/><div xmlns="http://www.w3.org/1999/xhtml"><p>This value set includes codes based on the following rules:</p><ul><li>Include these codes as defined in <a href="CodeSystem-DAKICD11.html"><code>http://hl7.org/fhir/sid/icd-11</code></a><table class="none"><tr><td style="white-space:nowrap"><b>Code</b></td><td><b>Display</b></td></tr><tr><td><a href="CodeSystem-DAKICD11.html#DAKICD11-1C62.46Z">1C62.Z</a></td><td>Human immunodeficiency virus disease without mention of associated disease or condition, clinical stage unspecified</td></tr><tr><td><a href="CodeSystem-DAKICD11.html#DAKICD11-XM63K0">XM63K0</a></td><td>Anti-infective antiviral</td></tr><tr><td><a href="CodeSystem-DAKICD11.html#DAKICD11-QA14">QA14</a></td><td>Contact with health services for human immunodeficiency virus counselling</td></tr></table></li><li>Include these codes as defined in <a href="http://loinc.org"><code>http://loinc.org</code></a><table class="none"><tr><td style="white-space:nowrap"><b>Code</b></td><td><b>Display</b></td></tr><tr><td><a href="https://loinc.org/45683-0/">45683-0</a></td><td>HIV infection [Minimum Data Set]</td></tr><tr><td><a href="https://loinc.org/45260-7/">45260-7</a></td><td>HIV ART medication</td></tr><tr><td><a href="https://loinc.org/68834-1/">68834-1</a></td><td>Primary care Note  best fit</td></tr></table></li><li>Include these codes as defined in <a href="http://www.snomed.org/"><code>http://snomed.info/sct</code></a><table class="none"><tr><td style="white-space:nowrap"><b>Code</b></td><td><b>Display</b></td></tr><tr><td><a href="http://snomed.info/id/781087000">781087000</a></td><td>Medical care (regime/therapy)</td></tr><tr><td><a href="http://snomed.info/id/788081006">788081006</a></td><td>Medicinal product acting as antiviral (product)</td></tr></table></li></ul></div></text><url value="https://path-global-health.github.io/MERindicators/ValueSet/DAKARTVisit"/><version value="0.1.0"/><name value="DAKARTVisit"/><title value="DAK ART Visit codes"/><status value="draft"/><experimental value="false"/><date value="2023-10-19T20:59:19+00:00"/><publisher value="PATH"/><contact><name value="PATH"/><telecom><system value="url"/><value value="https://www.path.org"/></telecom><telecom><system value="email"/><value value="info@path.org"/></telecom></contact><contact><name value="PATH"/><telecom><system value="email"/><value value="info@path.org"/><use value="work"/></telecom></contact><description value="DAK ART Visit codes"/><jurisdiction><coding><system value="http://unstats.un.org/unsd/methods/m49/m49.htm"/><code value="001"/><display value="World"/></coding></jurisdiction><compose><include><system value="http://hl7.org/fhir/sid/icd-11"/><concept><code value="1C62.Z"/><display value="Human immunodeficiency virus disease without mention of associated disease or condition, clinical stage unspecified"/></concept><concept><code value="XM63K0"/><display value="Anti-infective antiviral"/></concept><concept><code value="QA14"/><display value="Contact with health services for human immunodeficiency virus counselling"/></concept></include><include><system value="http://loinc.org"/><concept><code value="45683-0"/><display value="HIV infection [Minimum Data Set]"/></concept><concept><code value="45260-7"/><display value="HIV ART medication"/></concept><concept><code value="68834-1"/><display value="Primary care Note  best fit"/></concept></include><include><system value="http://snomed.info/sct"/><concept><code value="781087000"/><display value="Medical care (regime/therapy)"/></concept><concept><code value="788081006"/><display value="Medicinal product acting as antiviral (product)"/></concept></include></compose></ValueSet>