{
  "resourceType" : "Bundle",
  "id" : "ExampleDeceasedBoolean",
  "type" : "transaction",
  "entry" : [{
    "fullUrl" : "https://path-global-health.github.io/MERindicators/Patient/DeceasedBoolean",
    "resource" : {
      "resourceType" : "Patient",
      "id" : "DeceasedBoolean",
      "text" : {
        "status" : "generated",
        "div" : "<div xmlns=\"http://www.w3.org/1999/xhtml\"><p><b>Generated Narrative: Patient</b><a name=\"DeceasedBoolean\"> </a></p><div style=\"display: inline-block; background-color: #d9e0e7; padding: 6px; margin: 4px; border: 1px solid #8da1b4; border-radius: 5px; line-height: 60%\"><p style=\"margin-bottom: 0px\">Resource Patient &quot;DeceasedBoolean&quot; </p></div><p><b>active</b>: true</p><p><b>name</b>: Sandy Notsowell (OFFICIAL)</p><p><b>gender</b>: female</p><p><b>birthDate</b>: 1982-08-02</p><p><b>deceased</b>: true</p></div>"
      },
      "active" : true,
      "name" : [{
        "use" : "official",
        "family" : "Notsowell",
        "given" : ["Sandy"]
      }],
      "gender" : "female",
      "birthDate" : "1982-08-02",
      "deceasedBoolean" : true
    },
    "request" : {
      "method" : "PUT",
      "url" : "Patient/DeceasedBoolean"
    }
  }]
}