{
  "resourceType" : "Encounter",
  "id" : "EncounterCIEL",
  "text" : {
    "status" : "generated",
    "div" : "<div xmlns=\"http://www.w3.org/1999/xhtml\"><p><b>Generated Narrative: Encounter</b><a name=\"EncounterCIEL\"> </a></p><div style=\"display: inline-block; background-color: #d9e0e7; padding: 6px; margin: 4px; border: 1px solid #8da1b4; border-radius: 5px; line-height: 60%\"><p style=\"margin-bottom: 0px\">Resource Encounter &quot;EncounterCIEL&quot; </p></div><p><b>status</b>: finished</p><p><b>class</b>: inpatient acute (Details: http://terminology.hl7.org/CodeSystem/v3-ActCode code ACUTE = 'inpatient acute', stated as 'null')</p><p><b>subject</b>: <a href=\"Patient-PatientCIEL.html\">Patient/PatientCIEL</a> &quot; CAT&quot;</p><p><b>period</b>: 2011-01-01 --&gt; 2011-01-01</p><h3>Locations</h3><table class=\"grid\"><tr><td style=\"display: none\">-</td><td><b>Location</b></td></tr><tr><td style=\"display: none\">*</td><td><a href=\"Location-LocationCIEL.html\">Location/LocationCIEL</a></td></tr></table></div>"
  },
  "status" : "finished",
  "class" : {
    "system" : "http://terminology.hl7.org/CodeSystem/v3-ActCode",
    "code" : "ACUTE"
  },
  "subject" : {
    "reference" : "Patient/PatientCIEL"
  },
  "period" : {
    "start" : "2011-01-01",
    "end" : "2011-01-01"
  },
  "location" : [{
    "location" : {
      "reference" : "Location/LocationCIEL"
    }
  }]
}