{
  "resourceType" : "Observation",
  "id" : "Observation-DAK-onart",
  "text" : {
    "status" : "generated",
    "div" : "<div xmlns=\"http://www.w3.org/1999/xhtml\"><p><b>Generated Narrative: Observation</b><a name=\"Observation-DAK-onart\"> </a></p><div style=\"display: inline-block; background-color: #d9e0e7; padding: 6px; margin: 4px; border: 1px solid #8da1b4; border-radius: 5px; line-height: 60%\"><p style=\"margin-bottom: 0px\">Resource Observation &quot;Observation-DAK-onart&quot; </p></div><p><b>status</b>: final</p><p><b>code</b>: Drug prophylaxis (procedure) <span style=\"background: LightGoldenRodYellow; margin: 4px; border: 1px solid khaki\"> (<a href=\"https://browser.ihtsdotools.org/\">SNOMED CT</a>#182929008)</span></p><p><b>subject</b>: <a href=\"Patient-Patient-DAK-onart.html\">Patient/Patient-DAK-onart</a> &quot; CAT&quot;</p><p><b>encounter</b>: <a href=\"Encounter-Encounter-DAK-onart.html\">Encounter/Encounter-DAK-onart</a></p><p><b>effective</b>: 2023-07-03</p><p><b>value</b>: true</p></div>"
  },
  "status" : "final",
  "code" : {
    "coding" : [{
      "system" : "http://snomed.info/sct",
      "code" : "182929008",
      "display" : "Drug prophylaxis (procedure)"
    }]
  },
  "subject" : {
    "reference" : "Patient/Patient-DAK-onart"
  },
  "encounter" : {
    "reference" : "Encounter/Encounter-DAK-onart"
  },
  "effectiveDateTime" : "2023-07-03",
  "valueBoolean" : true
}