{
  "resourceType" : "Patient",
  "id" : "DeceasedBoolean",
  "text" : {
    "status" : "generated",
    "div" : "<div xmlns=\"http://www.w3.org/1999/xhtml\"><p style=\"border: 1px #661aff solid; background-color: #e6e6ff; padding: 10px;\"><b>Sandy Notsowell (OFFICIAL)</b> female, DoB: 1982-08-02</p><hr/><table class=\"grid\"><tr><td style=\"background-color: #f3f5da\" title=\"Record is active\">Active:</td><td>true</td><td style=\"background-color: #f3f5da\" title=\"Known status of Patient\">Deceased:</td><td colspan=\"3\">true</td></tr></table></div>"
  },
  "active" : true,
  "name" : [{
    "use" : "official",
    "family" : "Notsowell",
    "given" : ["Sandy"]
  }],
  "gender" : "female",
  "birthDate" : "1982-08-02",
  "deceasedBoolean" : true
}