{
  "resourceType" : "Patient",
  "id" : "DeceasedDateTime",
  "text" : {
    "status" : "generated",
    "div" : "<div xmlns=\"http://www.w3.org/1999/xhtml\"><p style=\"border: 1px #661aff solid; background-color: #e6e6ff; padding: 10px;\"><b>Simon Notsowell (OFFICIAL)</b> male, DoB: 1982-01-23</p><hr/><table class=\"grid\"><tr><td style=\"background-color: #f3f5da\" title=\"Record is active\">Active:</td><td>true</td><td style=\"background-color: #f3f5da\" title=\"Known status of Patient\">Deceased:</td><td colspan=\"3\">2015-02-14 13:42:00+1000</td></tr></table></div>"
  },
  "active" : true,
  "name" : [{
    "use" : "official",
    "family" : "Notsowell",
    "given" : ["Simon"]
  }],
  "gender" : "male",
  "birthDate" : "1982-01-23",
  "deceasedDateTime" : "2015-02-14T13:42:00+10:00"
}