{
  "resourceType" : "Patient",
  "id" : "PatientCIEL",
  "text" : {
    "status" : "generated",
    "div" : "<div xmlns=\"http://www.w3.org/1999/xhtml\"><p style=\"border: 1px #661aff solid; background-color: #e6e6ff; padding: 10px;\"><b>Mittens Cat</b> female, DoB: 1985-01-01 ( OpenMRS ID:\u00a01234567\u00a0(use:\u00a0OFFICIAL))</p><hr/></div>"
  },
  "identifier" : [{
    "extension" : [{
      "url" : "http://fhir.openmrs.org/ext/patient/identifier#location",
      "valueReference" : {
        "reference" : "Location/LocationCIEL",
        "type" : "Location",
        "display" : "Inpatient Ward"
      }
    }],
    "use" : "official",
    "type" : {
      "coding" : [{
        "system" : "http://terminology.hl7.org/CodeSystem/v2-0203",
        "code" : "MR"
      }],
      "text" : "OpenMRS ID"
    },
    "value" : "1234567"
  }],
  "name" : [{
    "text" : "Mittens Cat",
    "family" : "Cat",
    "given" : ["Mittens"]
  }],
  "gender" : "female",
  "birthDate" : "1985-01-01"
}