{
  "resourceType" : "ValueSet",
  "id" : "CIELHIVMedications",
  "text" : {
    "status" : "generated",
    "div" : "<div xmlns=\"http://www.w3.org/1999/xhtml\"><ul><li>Include these codes as defined in <a href=\"CodeSystem-CIEL.html\"><code>https://openconceptlab.org/orgs/CIEL/sources/CIEL</code></a><table class=\"none\"><tr><td style=\"white-space:nowrap\"><b>Code</b></td><td><b>Display</b></td></tr><tr><td><a href=\"CodeSystem-CIEL.html#CIEL-160104\">160104</a></td><td>Efavirenz / Lamivudine / Stavudine</td></tr><tr><td><a href=\"CodeSystem-CIEL.html#CIEL-160105\">160105</a></td><td>Efavirenz / Stavudine / Zidovudine</td></tr><tr><td><a href=\"CodeSystem-CIEL.html#CIEL-160124\">160124</a></td><td>Efavirenz / Lamivudine / Zidovudine</td></tr><tr><td><a href=\"CodeSystem-CIEL.html#CIEL-161361\">161361</a></td><td>efavirenz / lamivudine / tenofovir disoproxil</td></tr><tr><td><a href=\"CodeSystem-CIEL.html#CIEL-161363\">161363</a></td><td>lamivudine / stavudine</td></tr><tr><td><a href=\"CodeSystem-CIEL.html#CIEL-161364\">161364</a></td><td>Lamivudine / tenofovir disoproxil</td></tr><tr><td><a href=\"CodeSystem-CIEL.html#CIEL-1652\">1652</a></td><td>Lamivudine / nevirapine / zidovudine</td></tr><tr><td><a href=\"CodeSystem-CIEL.html#CIEL-5424\">5424</a></td><td>Other antiretroviral drug</td></tr><tr><td><a href=\"CodeSystem-CIEL.html#CIEL-5811\">5811</a></td><td>Unknown antiretroviral drug</td></tr><tr><td><a href=\"CodeSystem-CIEL.html#CIEL-630\">630</a></td><td>Lamivudine / zidovudine</td></tr><tr><td><a href=\"CodeSystem-CIEL.html#CIEL-103166\">103166</a></td><td>Abacavir / lamivudine</td></tr><tr><td><a href=\"CodeSystem-CIEL.html#CIEL-70056\">70056</a></td><td>Abacavir</td></tr><tr><td><a href=\"CodeSystem-CIEL.html#CIEL-71647\">71647</a></td><td>Atazanavir</td></tr><tr><td><a href=\"CodeSystem-CIEL.html#CIEL-74807\">74807</a></td><td>Didanosine</td></tr><tr><td><a href=\"CodeSystem-CIEL.html#CIEL-75523\">75523</a></td><td>Efavirenz</td></tr><tr><td><a href=\"CodeSystem-CIEL.html#CIEL-75628\">75628</a></td><td>Efavirenz</td></tr><tr><td><a href=\"CodeSystem-CIEL.html#CIEL-77995\">77995</a></td><td>Indinavir</td></tr><tr><td><a href=\"CodeSystem-CIEL.html#CIEL-78643\">78643</a></td><td>Lamivudine</td></tr><tr><td><a href=\"CodeSystem-CIEL.html#CIEL-79040\">79040</a></td><td>Lopinavir</td></tr><tr><td><a href=\"CodeSystem-CIEL.html#CIEL-792\">792</a></td><td>Lamivudine / nevirapine / stavudine</td></tr><tr><td><a href=\"CodeSystem-CIEL.html#CIEL-794\">794</a></td><td>Lopinavir / ritonavir</td></tr><tr><td><a href=\"CodeSystem-CIEL.html#CIEL-80487\">80487</a></td><td>Nelfinavir</td></tr><tr><td><a href=\"CodeSystem-CIEL.html#CIEL-80586\">80586</a></td><td>Nevirapine</td></tr><tr><td><a href=\"CodeSystem-CIEL.html#CIEL-83412\">83412</a></td><td>Ritonavir</td></tr><tr><td><a href=\"CodeSystem-CIEL.html#CIEL-84309\">84309</a></td><td>Stavudine</td></tr><tr><td><a href=\"CodeSystem-CIEL.html#CIEL-84795\">84795</a></td><td>Tenofovir</td></tr><tr><td><a href=\"CodeSystem-CIEL.html#CIEL-86663\">86663</a></td><td>Zidovudine</td></tr><tr><td><a href=\"CodeSystem-CIEL.html#CIEL-01234\">01234</a></td><td>Tenofovir / Lamivudine / Dolutegravir</td></tr></table></li></ul></div>"
  },
  "url" : "https://path-global-health.github.io/MERindicators/ValueSet/CIELHIVMedications",
  "version" : "0.1.0",
  "name" : "CIELHIVMedications",
  "title" : "CIELHIVMedications",
  "status" : "draft",
  "experimental" : true,
  "date" : "2023-10-19T20:59:19+00:00",
  "publisher" : "PATH",
  "contact" : [{
    "name" : "PATH",
    "telecom" : [{
      "system" : "url",
      "value" : "https://www.path.org"
    },
    {
      "system" : "email",
      "value" : "info@path.org"
    }]
  },
  {
    "name" : "PATH",
    "telecom" : [{
      "system" : "email",
      "value" : "info@path.org",
      "use" : "work"
    }]
  }],
  "description" : "CIELHIVMedications",
  "jurisdiction" : [{
    "coding" : [{
      "system" : "http://unstats.un.org/unsd/methods/m49/m49.htm",
      "code" : "001",
      "display" : "World"
    }]
  }],
  "compose" : {
    "include" : [{
      "system" : "https://openconceptlab.org/orgs/CIEL/sources/CIEL",
      "concept" : [{
        "code" : "160104",
        "display" : "Efavirenz / Lamivudine / Stavudine"
      },
      {
        "code" : "160105",
        "display" : "Efavirenz / Stavudine / Zidovudine"
      },
      {
        "code" : "160124",
        "display" : "Efavirenz / Lamivudine / Zidovudine"
      },
      {
        "code" : "161361",
        "display" : "efavirenz / lamivudine / tenofovir disoproxil"
      },
      {
        "code" : "161363",
        "display" : "lamivudine / stavudine"
      },
      {
        "code" : "161364",
        "display" : "Lamivudine / tenofovir disoproxil"
      },
      {
        "code" : "1652",
        "display" : "Lamivudine / nevirapine / zidovudine"
      },
      {
        "code" : "5424",
        "display" : "Other antiretroviral drug"
      },
      {
        "code" : "5811",
        "display" : "Unknown antiretroviral drug"
      },
      {
        "code" : "630",
        "display" : "Lamivudine / zidovudine"
      },
      {
        "code" : "103166",
        "display" : "Abacavir / lamivudine"
      },
      {
        "code" : "70056",
        "display" : "Abacavir"
      },
      {
        "code" : "71647",
        "display" : "Atazanavir"
      },
      {
        "code" : "74807",
        "display" : "Didanosine"
      },
      {
        "code" : "75523",
        "display" : "Efavirenz"
      },
      {
        "code" : "75628",
        "display" : "Efavirenz"
      },
      {
        "code" : "77995",
        "display" : "Indinavir"
      },
      {
        "code" : "78643",
        "display" : "Lamivudine"
      },
      {
        "code" : "79040",
        "display" : "Lopinavir"
      },
      {
        "code" : "792",
        "display" : "Lamivudine / nevirapine / stavudine"
      },
      {
        "code" : "794",
        "display" : "Lopinavir / ritonavir"
      },
      {
        "code" : "80487",
        "display" : "Nelfinavir"
      },
      {
        "code" : "80586",
        "display" : "Nevirapine"
      },
      {
        "code" : "83412",
        "display" : "Ritonavir"
      },
      {
        "code" : "84309",
        "display" : "Stavudine"
      },
      {
        "code" : "84795",
        "display" : "Tenofovir"
      },
      {
        "code" : "86663",
        "display" : "Zidovudine"
      },
      {
        "code" : "01234",
        "display" : "Tenofovir / Lamivudine / Dolutegravir"
      }]
    }]
  }
}