{
  "resourceType" : "ValueSet",
  "id" : "DAKARTStop",
  "text" : {
    "status" : "generated",
    "div" : "<div xmlns=\"http://www.w3.org/1999/xhtml\"><ul><li>Include these codes as defined in <a href=\"http://www.snomed.org/\"><code>http://snomed.info/sct</code></a><table class=\"none\"><tr><td style=\"white-space:nowrap\"><b>Code</b></td><td><b>Display</b></td></tr><tr><td><a href=\"http://snomed.info/id/413947000\">413947000</a></td><td>Date treatment stopped (observable entity)</td></tr></table></li></ul></div>"
  },
  "url" : "https://path-global-health.github.io/MERindicators/ValueSet/DAKARTStop",
  "version" : "0.1.0",
  "name" : "DAKARTStop",
  "title" : "DAK Codes for ART Stopped",
  "status" : "draft",
  "experimental" : false,
  "date" : "2023-10-19T20:59:19+00:00",
  "publisher" : "PATH",
  "contact" : [{
    "name" : "PATH",
    "telecom" : [{
      "system" : "url",
      "value" : "https://www.path.org"
    },
    {
      "system" : "email",
      "value" : "info@path.org"
    }]
  },
  {
    "name" : "PATH",
    "telecom" : [{
      "system" : "email",
      "value" : "info@path.org",
      "use" : "work"
    }]
  }],
  "description" : "HIV DAK codes for ART Stopped",
  "jurisdiction" : [{
    "coding" : [{
      "system" : "http://unstats.un.org/unsd/methods/m49/m49.htm",
      "code" : "001",
      "display" : "World"
    }]
  }],
  "compose" : {
    "include" : [{
      "system" : "http://snomed.info/sct",
      "concept" : [{
        "code" : "413947000",
        "display" : "Date treatment stopped (observable entity)"
      }]
    }]
  }
}