{"resourceType":"ImplementationGuide","id":"path.merindicators","text":{"status":"extensions","div":"<div xmlns=\"http://www.w3.org/1999/xhtml\"><h2>PATHMERIndicators</h2><p>The official URL for this implementation guide is: </p><pre>https://path-global-health.github.io/MERindicators/ImplementationGuide/path.merindicators</pre><div><p>PATH MER Indicators</p>\n</div></div>"},"url":"https://path-global-health.github.io/MERindicators/ImplementationGuide/path.merindicators","version":"0.1.0","name":"PATHMERIndicators","title":"PATH MER Indicators","status":"draft","date":"2023-07-03","publisher":"PATH","contact":[{"name":"PATH","telecom":[{"system":"url","value":"https://www.path.org"},{"system":"email","value":"info@path.org"}]},{"name":"PATH","telecom":[{"system":"email","value":"info@path.org","use":"work"}]}],"description":"PATH MER Indicators","jurisdiction":[{"coding":[{"system":"http://unstats.un.org/unsd/methods/m49/m49.htm","code":"001","display":"World"}]}],"packageId":"path.merindicators","license":"CC0-1.0","fhirVersion":["4.0.1"],"dependsOn":[{"id":"hl7tx","extension":[{"url":"http://hl7.org/fhir/tools/StructureDefinition/implementationguide-dependency-comment","valueMarkdown":"Automatically added as a dependency - all IGs depend on HL7 Terminology"}],"uri":"http://terminology.hl7.org/ImplementationGuide/hl7.terminology","packageId":"hl7.terminology.r4","version":"5.3.0"},{"id":"hl7ext","extension":[{"url":"http://hl7.org/fhir/tools/StructureDefinition/implementationguide-dependency-comment","valueMarkdown":"Automatically added as a dependency - all IGs depend on the HL7 Extension Pack"}],"uri":"http://hl7.org/fhir/extensions/ImplementationGuide/hl7.fhir.uv.extensions","packageId":"hl7.fhir.uv.extensions.r4","version":"1.0.0"},{"id":"openmrs_fhir_core","uri":"http://fhir.openmrs.org/core/ImplementationGuide/openmrs.fhir.core","packageId":"openmrs.fhir.core","version":"dev"},{"id":"hl7_fhir_uv_cpg","uri":"http://hl7.org/fhir/uv/cpg/ImplementationGuide/hl7.fhir.uv.cpg","packageId":"hl7.fhir.uv.cpg","version":"1.0.0"},{"id":"hl7_fhir_us_cqfmeasures","uri":"http://hl7.org/fhir/us/cqfmeasures/ImplementationGuide/hl7.fhir.us.cqfmeasures","packageId":"hl7.fhir.us.cqfmeasures","version":"4.0.0"}],"definition":{"extension":[{"extension":[{"url":"code","valueString":"copyrightyear"},{"url":"value","valueString":"2023+"}],"url":"http://hl7.org/fhir/tools/StructureDefinition/ig-parameter"},{"extension":[{"url":"code","valueString":"releaselabel"},{"url":"value","valueString":"STU1"}],"url":"http://hl7.org/fhir/tools/StructureDefinition/ig-parameter"},{"extension":[{"url":"code","valueString":"path-binary"},{"url":"value","valueString":"input/cql"}],"url":"http://hl7.org/fhir/tools/StructureDefinition/ig-parameter"},{"extension":[{"url":"code","valueString":"active-tables"},{"url":"value","valueString":"false"}],"url":"http://hl7.org/fhir/tools/StructureDefinition/ig-parameter"},{"extension":[{"url":"code","valueString":"apply-contact"},{"url":"value","valueString":"true"}],"url":"http://hl7.org/fhir/tools/StructureDefinition/ig-parameter"},{"extension":[{"url":"code","valueString":"apply-jurisdiction"},{"url":"value","valueString":"true"}],"url":"http://hl7.org/fhir/tools/StructureDefinition/ig-parameter"},{"extension":[{"url":"code","valueString":"apply-publisher"},{"url":"value","valueString":"true"}],"url":"http://hl7.org/fhir/tools/StructureDefinition/ig-parameter"},{"extension":[{"url":"code","valueString":"apply-version"},{"url":"value","valueString":"true"}],"url":"http://hl7.org/fhir/tools/StructureDefinition/ig-parameter"},{"extension":[{"url":"code","valueString":"show-inherited-invariants"},{"url":"value","valueString":"false"}],"url":"http://hl7.org/fhir/tools/StructureDefinition/ig-parameter"},{"extension":[{"url":"code","valueString":"usage-stats-opt-out"},{"url":"value","valueString":"true"}],"url":"http://hl7.org/fhir/tools/StructureDefinition/ig-parameter"},{"extension":[{"url":"code","valueString":"autoload-resources"},{"url":"value","valueString":"true"}],"url":"http://hl7.org/fhir/tools/StructureDefinition/ig-parameter"},{"extension":[{"url":"code","valueString":"shownav"},{"url":"value","valueString":"true"}],"url":"http://hl7.org/fhir/tools/StructureDefinition/ig-parameter"},{"extension":[{"url":"code","valueString":"validation"},{"url":"value","valueString":"allow-any-extensions"}],"url":"http://hl7.org/fhir/tools/StructureDefinition/ig-parameter"},{"extension":[{"url":"code","valueString":"path-liquid"},{"url":"value","valueString":"template/liquid"}],"url":"http://hl7.org/fhir/tools/StructureDefinition/ig-parameter"},{"extension":[{"url":"code","valueString":"path-liquid"},{"url":"value","valueString":"input/liquid"}],"url":"http://hl7.org/fhir/tools/StructureDefinition/ig-parameter"},{"extension":[{"url":"code","valueString":"path-qa"},{"url":"value","valueString":"temp/qa"}],"url":"http://hl7.org/fhir/tools/StructureDefinition/ig-parameter"},{"extension":[{"url":"code","valueString":"path-temp"},{"url":"value","valueString":"temp/pages"}],"url":"http://hl7.org/fhir/tools/StructureDefinition/ig-parameter"},{"extension":[{"url":"code","valueString":"path-output"},{"url":"value","valueString":"output"}],"url":"http://hl7.org/fhir/tools/StructureDefinition/ig-parameter"},{"extension":[{"url":"code","valueString":"path-suppressed-warnings"},{"url":"value","valueString":"input/ignoreWarnings.txt"}],"url":"http://hl7.org/fhir/tools/StructureDefinition/ig-parameter"},{"extension":[{"url":"code","valueString":"path-history"},{"url":"value","valueString":"https://path-global-health.github.io/MERindicators/history.html"}],"url":"http://hl7.org/fhir/tools/StructureDefinition/ig-parameter"},{"extension":[{"url":"code","valueString":"template-html"},{"url":"value","valueString":"template-page.html"}],"url":"http://hl7.org/fhir/tools/StructureDefinition/ig-parameter"},{"extension":[{"url":"code","valueString":"template-md"},{"url":"value","valueString":"template-page-md.html"}],"url":"http://hl7.org/fhir/tools/StructureDefinition/ig-parameter"},{"extension":[{"url":"code","valueString":"apply-context"},{"url":"value","valueString":"true"}],"url":"http://hl7.org/fhir/tools/StructureDefinition/ig-parameter"},{"extension":[{"url":"code","valueString":"apply-copyright"},{"url":"value","valueString":"true"}],"url":"http://hl7.org/fhir/tools/StructureDefinition/ig-parameter"},{"extension":[{"url":"code","valueString":"apply-license"},{"url":"value","valueString":"true"}],"url":"http://hl7.org/fhir/tools/StructureDefinition/ig-parameter"},{"extension":[{"url":"code","valueString":"apply-wg"},{"url":"value","valueString":"true"}],"url":"http://hl7.org/fhir/tools/StructureDefinition/ig-parameter"},{"extension":[{"url":"code","valueString":"fmm-definition"},{"url":"value","valueString":"http://hl7.org/fhir/versions.html#maturity"}],"url":"http://hl7.org/fhir/tools/StructureDefinition/ig-parameter"},{"extension":[{"url":"code","valueString":"propagate-status"},{"url":"value","valueString":"true"}],"url":"http://hl7.org/fhir/tools/StructureDefinition/ig-parameter"},{"extension":[{"url":"code","valueString":"excludelogbinaryformat"},{"url":"value","valueString":"true"}],"url":"http://hl7.org/fhir/tools/StructureDefinition/ig-parameter"},{"extension":[{"url":"code","valueString":"tabbed-snapshots"},{"url":"value","valueString":"true"}],"url":"http://hl7.org/fhir/tools/StructureDefinition/ig-parameter"},{"url":"http://hl7.org/fhir/tools/StructureDefinition/ig-internal-dependency","valueCode":"hl7.fhir.uv.tools#current"},{"extension":[{"url":"code","valueCode":"copyrightyear"},{"url":"value","valueString":"2023+"}],"url":"http://hl7.org/fhir/tools/StructureDefinition/ig-parameter"},{"extension":[{"url":"code","valueCode":"releaselabel"},{"url":"value","valueString":"STU1"}],"url":"http://hl7.org/fhir/tools/StructureDefinition/ig-parameter"},{"extension":[{"url":"code","valueCode":"path-binary"},{"url":"value","valueString":"input/cql"}],"url":"http://hl7.org/fhir/tools/StructureDefinition/ig-parameter"},{"extension":[{"url":"code","valueCode":"active-tables"},{"url":"value","valueString":"false"}],"url":"http://hl7.org/fhir/tools/StructureDefinition/ig-parameter"},{"extension":[{"url":"code","valueCode":"apply-contact"},{"url":"value","valueString":"true"}],"url":"http://hl7.org/fhir/tools/StructureDefinition/ig-parameter"},{"extension":[{"url":"code","valueCode":"apply-jurisdiction"},{"url":"value","valueString":"true"}],"url":"http://hl7.org/fhir/tools/StructureDefinition/ig-parameter"},{"extension":[{"url":"code","valueCode":"apply-publisher"},{"url":"value","valueString":"true"}],"url":"http://hl7.org/fhir/tools/StructureDefinition/ig-parameter"},{"extension":[{"url":"code","valueCode":"apply-version"},{"url":"value","valueString":"true"}],"url":"http://hl7.org/fhir/tools/StructureDefinition/ig-parameter"},{"extension":[{"url":"code","valueCode":"show-inherited-invariants"},{"url":"value","valueString":"false"}],"url":"http://hl7.org/fhir/tools/StructureDefinition/ig-parameter"},{"extension":[{"url":"code","valueCode":"usage-stats-opt-out"},{"url":"value","valueString":"true"}],"url":"http://hl7.org/fhir/tools/StructureDefinition/ig-parameter"},{"extension":[{"url":"code","valueCode":"autoload-resources"},{"url":"value","valueString":"true"}],"url":"http://hl7.org/fhir/tools/StructureDefinition/ig-parameter"},{"extension":[{"url":"code","valueCode":"shownav"},{"url":"value","valueString":"true"}],"url":"http://hl7.org/fhir/tools/StructureDefinition/ig-parameter"},{"extension":[{"url":"code","valueCode":"validation"},{"url":"value","valueString":"allow-any-extensions"}],"url":"http://hl7.org/fhir/tools/StructureDefinition/ig-parameter"},{"extension":[{"url":"code","valueCode":"path-liquid"},{"url":"value","valueString":"template/liquid"}],"url":"http://hl7.org/fhir/tools/StructureDefinition/ig-parameter"},{"extension":[{"url":"code","valueCode":"path-liquid"},{"url":"value","valueString":"input/liquid"}],"url":"http://hl7.org/fhir/tools/StructureDefinition/ig-parameter"},{"extension":[{"url":"code","valueCode":"path-qa"},{"url":"value","valueString":"temp/qa"}],"url":"http://hl7.org/fhir/tools/StructureDefinition/ig-parameter"},{"extension":[{"url":"code","valueCode":"path-temp"},{"url":"value","valueString":"temp/pages"}],"url":"http://hl7.org/fhir/tools/StructureDefinition/ig-parameter"},{"extension":[{"url":"code","valueCode":"path-output"},{"url":"value","valueString":"output"}],"url":"http://hl7.org/fhir/tools/StructureDefinition/ig-parameter"},{"extension":[{"url":"code","valueCode":"path-suppressed-warnings"},{"url":"value","valueString":"input/ignoreWarnings.txt"}],"url":"http://hl7.org/fhir/tools/StructureDefinition/ig-parameter"},{"extension":[{"url":"code","valueCode":"path-history"},{"url":"value","valueString":"https://path-global-health.github.io/MERindicators/history.html"}],"url":"http://hl7.org/fhir/tools/StructureDefinition/ig-parameter"},{"extension":[{"url":"code","valueCode":"template-html"},{"url":"value","valueString":"template-page.html"}],"url":"http://hl7.org/fhir/tools/StructureDefinition/ig-parameter"},{"extension":[{"url":"code","valueCode":"template-md"},{"url":"value","valueString":"template-page-md.html"}],"url":"http://hl7.org/fhir/tools/StructureDefinition/ig-parameter"},{"extension":[{"url":"code","valueCode":"apply-context"},{"url":"value","valueString":"true"}],"url":"http://hl7.org/fhir/tools/StructureDefinition/ig-parameter"},{"extension":[{"url":"code","valueCode":"apply-copyright"},{"url":"value","valueString":"true"}],"url":"http://hl7.org/fhir/tools/StructureDefinition/ig-parameter"},{"extension":[{"url":"code","valueCode":"apply-license"},{"url":"value","valueString":"true"}],"url":"http://hl7.org/fhir/tools/StructureDefinition/ig-parameter"},{"extension":[{"url":"code","valueCode":"apply-wg"},{"url":"value","valueString":"true"}],"url":"http://hl7.org/fhir/tools/StructureDefinition/ig-parameter"},{"extension":[{"url":"code","valueCode":"fmm-definition"},{"url":"value","valueString":"http://hl7.org/fhir/versions.html#maturity"}],"url":"http://hl7.org/fhir/tools/StructureDefinition/ig-parameter"},{"extension":[{"url":"code","valueCode":"propagate-status"},{"url":"value","valueString":"true"}],"url":"http://hl7.org/fhir/tools/StructureDefinition/ig-parameter"},{"extension":[{"url":"code","valueCode":"excludelogbinaryformat"},{"url":"value","valueString":"true"}],"url":"http://hl7.org/fhir/tools/StructureDefinition/ig-parameter"},{"extension":[{"url":"code","valueCode":"tabbed-snapshots"},{"url":"value","valueString":"true"}],"url":"http://hl7.org/fhir/tools/StructureDefinition/ig-parameter"},{"extension":[{"url":"code","valueCode":"copyrightyear"},{"url":"value","valueString":"2023+"}],"url":"http://hl7.org/fhir/tools/StructureDefinition/ig-parameter"},{"extension":[{"url":"code","valueCode":"releaselabel"},{"url":"value","valueString":"STU1"}],"url":"http://hl7.org/fhir/tools/StructureDefinition/ig-parameter"},{"extension":[{"url":"code","valueCode":"path-binary"},{"url":"value","valueString":"input/cql"}],"url":"http://hl7.org/fhir/tools/StructureDefinition/ig-parameter"},{"extension":[{"url":"code","valueCode":"active-tables"},{"url":"value","valueString":"false"}],"url":"http://hl7.org/fhir/tools/StructureDefinition/ig-parameter"},{"extension":[{"url":"code","valueCode":"apply-contact"},{"url":"value","valueString":"true"}],"url":"http://hl7.org/fhir/tools/StructureDefinition/ig-parameter"},{"extension":[{"url":"code","valueCode":"apply-jurisdiction"},{"url":"value","valueString":"true"}],"url":"http://hl7.org/fhir/tools/StructureDefinition/ig-parameter"},{"extension":[{"url":"code","valueCode":"apply-publisher"},{"url":"value","valueString":"true"}],"url":"http://hl7.org/fhir/tools/StructureDefinition/ig-parameter"},{"extension":[{"url":"code","valueCode":"apply-version"},{"url":"value","valueString":"true"}],"url":"http://hl7.org/fhir/tools/StructureDefinition/ig-parameter"},{"extension":[{"url":"code","valueCode":"show-inherited-invariants"},{"url":"value","valueString":"false"}],"url":"http://hl7.org/fhir/tools/StructureDefinition/ig-parameter"},{"extension":[{"url":"code","valueCode":"usage-stats-opt-out"},{"url":"value","valueString":"true"}],"url":"http://hl7.org/fhir/tools/StructureDefinition/ig-parameter"},{"extension":[{"url":"code","valueCode":"autoload-resources"},{"url":"value","valueString":"true"}],"url":"http://hl7.org/fhir/tools/StructureDefinition/ig-parameter"},{"extension":[{"url":"code","valueCode":"shownav"},{"url":"value","valueString":"true"}],"url":"http://hl7.org/fhir/tools/StructureDefinition/ig-parameter"},{"extension":[{"url":"code","valueCode":"validation"},{"url":"value","valueString":"allow-any-extensions"}],"url":"http://hl7.org/fhir/tools/StructureDefinition/ig-parameter"},{"extension":[{"url":"code","valueCode":"path-liquid"},{"url":"value","valueString":"template/liquid"}],"url":"http://hl7.org/fhir/tools/StructureDefinition/ig-parameter"},{"extension":[{"url":"code","valueCode":"path-liquid"},{"url":"value","valueString":"input/liquid"}],"url":"http://hl7.org/fhir/tools/StructureDefinition/ig-parameter"},{"extension":[{"url":"code","valueCode":"path-qa"},{"url":"value","valueString":"temp/qa"}],"url":"http://hl7.org/fhir/tools/StructureDefinition/ig-parameter"},{"extension":[{"url":"code","valueCode":"path-temp"},{"url":"value","valueString":"temp/pages"}],"url":"http://hl7.org/fhir/tools/StructureDefinition/ig-parameter"},{"extension":[{"url":"code","valueCode":"path-output"},{"url":"value","valueString":"output"}],"url":"http://hl7.org/fhir/tools/StructureDefinition/ig-parameter"},{"extension":[{"url":"code","valueCode":"path-suppressed-warnings"},{"url":"value","valueString":"input/ignoreWarnings.txt"}],"url":"http://hl7.org/fhir/tools/StructureDefinition/ig-parameter"},{"extension":[{"url":"code","valueCode":"path-history"},{"url":"value","valueString":"https://path-global-health.github.io/MERindicators/history.html"}],"url":"http://hl7.org/fhir/tools/StructureDefinition/ig-parameter"},{"extension":[{"url":"code","valueCode":"template-html"},{"url":"value","valueString":"template-page.html"}],"url":"http://hl7.org/fhir/tools/StructureDefinition/ig-parameter"},{"extension":[{"url":"code","valueCode":"template-md"},{"url":"value","valueString":"template-page-md.html"}],"url":"http://hl7.org/fhir/tools/StructureDefinition/ig-parameter"},{"extension":[{"url":"code","valueCode":"apply-context"},{"url":"value","valueString":"true"}],"url":"http://hl7.org/fhir/tools/StructureDefinition/ig-parameter"},{"extension":[{"url":"code","valueCode":"apply-copyright"},{"url":"value","valueString":"true"}],"url":"http://hl7.org/fhir/tools/StructureDefinition/ig-parameter"},{"extension":[{"url":"code","valueCode":"apply-license"},{"url":"value","valueString":"true"}],"url":"http://hl7.org/fhir/tools/StructureDefinition/ig-parameter"},{"extension":[{"url":"code","valueCode":"apply-wg"},{"url":"value","valueString":"true"}],"url":"http://hl7.org/fhir/tools/StructureDefinition/ig-parameter"},{"extension":[{"url":"code","valueCode":"fmm-definition"},{"url":"value","valueString":"http://hl7.org/fhir/versions.html#maturity"}],"url":"http://hl7.org/fhir/tools/StructureDefinition/ig-parameter"},{"extension":[{"url":"code","valueCode":"propagate-status"},{"url":"value","valueString":"true"}],"url":"http://hl7.org/fhir/tools/StructureDefinition/ig-parameter"},{"extension":[{"url":"code","valueCode":"excludelogbinaryformat"},{"url":"value","valueString":"true"}],"url":"http://hl7.org/fhir/tools/StructureDefinition/ig-parameter"},{"extension":[{"url":"code","valueCode":"tabbed-snapshots"},{"url":"value","valueString":"true"}],"url":"http://hl7.org/fhir/tools/StructureDefinition/ig-parameter"}],"grouping":[{"id":"-str-logicalmodel","name":"Structures: Logical Models","description":"These define data models that represent the domain covered by this implementation guide in more business-friendly terms than the underlying FHIR resources."},{"id":"-str-profile","name":"Structures: Resource Profiles","description":"These define constraints on FHIR resources for systems conforming to this implementation guide."},{"id":"-term-valueset","name":"Terminology: Value Sets","description":"These define sets of codes used by systems conforming to this implementation guide."},{"id":"-term-codesystem","name":"Terminology: Code Systems","description":"These define new code systems used by systems conforming to this implementation guide."},{"id":"-ex-example","name":"Example: Example Instances","description":"These are example instances that show what data produced and consumed by systems conforming with this implementation guide might look like."},{"id":"-other","name":"Other","description":"These are resources that are used within this implementation guide that do not fit into one of the other categories."}],"resource":[{"extension":[{"url":"http://hl7.org/fhir/tools/StructureDefinition/resource-sort","valueInteger":999999999},{"url":"http://hl7.org/fhir/StructureDefinition/implementationguide-page","valueUri":"StructureDefinition-TXCURRelements.html"}],"reference":{"reference":"StructureDefinition/TXCURRelements"},"name":"TXCURRelements","description":"Base elements required for TXCURR","exampleBoolean":false,"groupingId":"-str-logicalmodel"},{"extension":[{"url":"http://hl7.org/fhir/tools/StructureDefinition/resource-sort","valueInteger":999999999},{"url":"http://hl7.org/fhir/StructureDefinition/implementationguide-page","valueUri":"StructureDefinition-DAKARTCondition.html"}],"reference":{"reference":"StructureDefinition/DAKARTCondition"},"name":"DAK TXCURR Condition for On ART","description":"DAK Condition for TXCURR for On ART","exampleBoolean":false,"groupingId":"-str-profile"},{"extension":[{"url":"http://hl7.org/fhir/tools/StructureDefinition/resource-sort","valueInteger":999999999},{"url":"http://hl7.org/fhir/StructureDefinition/implementationguide-page","valueUri":"StructureDefinition-DAKHIVCondition.html"}],"reference":{"reference":"StructureDefinition/DAKHIVCondition"},"name":"DAK TXCURR Condition for PLHIV","description":"DAK Condition for TXCURR for PLHIV","exampleBoolean":false,"groupingId":"-str-profile"},{"extension":[{"url":"http://hl7.org/fhir/tools/StructureDefinition/resource-sort","valueInteger":999999999},{"url":"http://hl7.org/fhir/StructureDefinition/implementationguide-page","valueUri":"StructureDefinition-DAKARTVisitEncounter.html"}],"reference":{"reference":"StructureDefinition/DAKARTVisitEncounter"},"name":"DAK TXCURR Encounter for ART Visit","description":"DAK Encounter for TXCURR for ART Visit","exampleBoolean":false,"groupingId":"-str-profile"},{"extension":[{"url":"http://hl7.org/fhir/tools/StructureDefinition/resource-sort","valueInteger":999999999},{"url":"http://hl7.org/fhir/StructureDefinition/implementationguide-page","valueUri":"StructureDefinition-DAKDrugPickupEncounter.html"}],"reference":{"reference":"StructureDefinition/DAKDrugPickupEncounter"},"name":"DAK TXCURR Encounter for Drug Pickup","description":"DAK Encounter for TXCURR for Drug Pickup","exampleBoolean":false,"groupingId":"-str-profile"},{"extension":[{"url":"http://hl7.org/fhir/tools/StructureDefinition/resource-sort","valueInteger":999999999},{"url":"http://hl7.org/fhir/StructureDefinition/implementationguide-page","valueUri":"StructureDefinition-DAKMedicationRequest.html"}],"reference":{"reference":"StructureDefinition/DAKMedicationRequest"},"name":"DAK TXCURR MedicationRequest","description":"DAK MedicationRequest for TXCURR for On ART","exampleBoolean":false,"groupingId":"-str-profile"},{"extension":[{"url":"http://hl7.org/fhir/tools/StructureDefinition/resource-sort","valueInteger":999999999},{"url":"http://hl7.org/fhir/StructureDefinition/implementationguide-page","valueUri":"StructureDefinition-DAKDispenseDaysObservation.html"}],"reference":{"reference":"StructureDefinition/DAKDispenseDaysObservation"},"name":"DAK TXCURR Observation for Dispensed Days","description":"DAK Observation for TXCURR for Dispensed Days of ART Medication","exampleBoolean":false,"groupingId":"-str-profile"},{"extension":[{"url":"http://hl7.org/fhir/tools/StructureDefinition/resource-sort","valueInteger":999999999},{"url":"http://hl7.org/fhir/StructureDefinition/implementationguide-page","valueUri":"StructureDefinition-DAKARTObservation.html"}],"reference":{"reference":"StructureDefinition/DAKARTObservation"},"name":"DAK TXCURR Observation for On ART","description":"DAK Observation for TXCURR for On ART","exampleBoolean":false,"groupingId":"-str-profile"},{"extension":[{"url":"http://hl7.org/fhir/tools/StructureDefinition/resource-sort","valueInteger":999999999},{"url":"http://hl7.org/fhir/StructureDefinition/implementationguide-page","valueUri":"StructureDefinition-DAKStoppedObservation.html"}],"reference":{"reference":"StructureDefinition/DAKStoppedObservation"},"name":"DAK TXCURR Observation for Stopped ART","description":"DAK Observation for TXCURR for Stopped ART","exampleBoolean":false,"groupingId":"-str-profile"},{"extension":[{"url":"http://hl7.org/fhir/tools/StructureDefinition/resource-sort","valueInteger":999999999},{"url":"http://hl7.org/fhir/StructureDefinition/implementationguide-page","valueUri":"StructureDefinition-DAKTransferOutObservation.html"}],"reference":{"reference":"StructureDefinition/DAKTransferOutObservation"},"name":"DAK TXCURR Observation for Transfer Out","description":"DAK Observation for TXCURR for Transfer Out","exampleBoolean":false,"groupingId":"-str-profile"},{"extension":[{"url":"http://hl7.org/fhir/tools/StructureDefinition/resource-sort","valueInteger":999999999},{"url":"http://hl7.org/fhir/StructureDefinition/implementationguide-page","valueUri":"StructureDefinition-DAKPatient.html"}],"reference":{"reference":"StructureDefinition/DAKPatient"},"name":"DAK TXCURR Patient","description":"DAK Patient for TXCURR","exampleBoolean":false,"groupingId":"-str-profile"},{"extension":[{"url":"http://hl7.org/fhir/tools/StructureDefinition/resource-sort","valueInteger":999999999},{"url":"http://hl7.org/fhir/StructureDefinition/implementationguide-page","valueUri":"ValueSet-DAKARTMeds.html"}],"reference":{"reference":"ValueSet/DAKARTMeds"},"name":"ART medications","description":"ART medications from the HIV DAK","exampleBoolean":false,"groupingId":"-term-valueset"},{"extension":[{"url":"http://hl7.org/fhir/tools/StructureDefinition/resource-sort","valueInteger":999999999},{"url":"http://hl7.org/fhir/StructureDefinition/implementationguide-page","valueUri":"ValueSet-CIELHIVMedications.html"}],"reference":{"reference":"ValueSet/CIELHIVMedications"},"name":"CIELHIVMedications","description":"CIELHIVMedications","exampleBoolean":false,"groupingId":"-term-valueset"},{"extension":[{"url":"http://hl7.org/fhir/tools/StructureDefinition/resource-sort","valueInteger":999999999},{"url":"http://hl7.org/fhir/StructureDefinition/implementationguide-page","valueUri":"ValueSet-active-condition.html"}],"reference":{"reference":"ValueSet/active-condition"},"name":"CQF Active Condition","description":"Active condition clinical status codes","exampleBoolean":false,"groupingId":"-term-valueset"},{"extension":[{"url":"http://hl7.org/fhir/tools/StructureDefinition/resource-sort","valueInteger":999999999},{"url":"http://hl7.org/fhir/StructureDefinition/implementationguide-page","valueUri":"ValueSet-inactive-condition.html"}],"reference":{"reference":"ValueSet/inactive-condition"},"name":"CQF Inactive Condition","description":"Inactive condition clinical status codes","exampleBoolean":false,"groupingId":"-term-valueset"},{"extension":[{"url":"http://hl7.org/fhir/tools/StructureDefinition/resource-sort","valueInteger":999999999},{"url":"http://hl7.org/fhir/StructureDefinition/implementationguide-page","valueUri":"ValueSet-DAKARTVisit.html"}],"reference":{"reference":"ValueSet/DAKARTVisit"},"name":"DAK ART Visit codes","description":"DAK ART Visit codes","exampleBoolean":false,"groupingId":"-term-valueset"},{"extension":[{"url":"http://hl7.org/fhir/tools/StructureDefinition/resource-sort","valueInteger":999999999},{"url":"http://hl7.org/fhir/StructureDefinition/implementationguide-page","valueUri":"ValueSet-DAKARTStop.html"}],"reference":{"reference":"ValueSet/DAKARTStop"},"name":"DAK Codes for ART Stopped","description":"HIV DAK codes for ART Stopped","exampleBoolean":false,"groupingId":"-term-valueset"},{"extension":[{"url":"http://hl7.org/fhir/tools/StructureDefinition/resource-sort","valueInteger":999999999},{"url":"http://hl7.org/fhir/StructureDefinition/implementationguide-page","valueUri":"ValueSet-DAKONART.html"}],"reference":{"reference":"ValueSet/DAKONART"},"name":"DAK Codes for On ART","description":"HIV DAK codes for on ART","exampleBoolean":false,"groupingId":"-term-valueset"},{"extension":[{"url":"http://hl7.org/fhir/tools/StructureDefinition/resource-sort","valueInteger":999999999},{"url":"http://hl7.org/fhir/StructureDefinition/implementationguide-page","valueUri":"ValueSet-DAKHIVTransfer.html"}],"reference":{"reference":"ValueSet/DAKHIVTransfer"},"name":"DAK Codes for Transfer in for HIV Care","description":"HIV DAK codes for Transfer in for HIV Care","exampleBoolean":false,"groupingId":"-term-valueset"},{"extension":[{"url":"http://hl7.org/fhir/tools/StructureDefinition/resource-sort","valueInteger":999999999},{"url":"http://hl7.org/fhir/StructureDefinition/implementationguide-page","valueUri":"ValueSet-DAKARVDrugPickup.html"}],"reference":{"reference":"ValueSet/DAKARVDrugPickup"},"name":"DAK Drug Pickup Appointment codes","description":"DAK Drug Pickup Appointment codes","exampleBoolean":false,"groupingId":"-term-valueset"},{"extension":[{"url":"http://hl7.org/fhir/tools/StructureDefinition/resource-sort","valueInteger":999999999},{"url":"http://hl7.org/fhir/StructureDefinition/implementationguide-page","valueUri":"ValueSet-DAKMMD.html"}],"reference":{"reference":"ValueSet/DAKMMD"},"name":"DAK Multi-Month Dispense codes","description":"DAK Multi-Month Dispense codes for number of days dispensed","exampleBoolean":false,"groupingId":"-term-valueset"},{"extension":[{"url":"http://hl7.org/fhir/tools/StructureDefinition/resource-sort","valueInteger":999999999},{"url":"http://hl7.org/fhir/StructureDefinition/implementationguide-page","valueUri":"ValueSet-DAKCoarseAgeRange.html"}],"reference":{"reference":"ValueSet/DAKCoarseAgeRange"},"name":"DAKCoarseAgeRange","description":"DAKCoarseAgeRange","exampleBoolean":false,"groupingId":"-term-valueset"},{"extension":[{"url":"http://hl7.org/fhir/tools/StructureDefinition/resource-sort","valueInteger":999999999},{"url":"http://hl7.org/fhir/StructureDefinition/implementationguide-page","valueUri":"ValueSet-DAKDispensingQuantity.html"}],"reference":{"reference":"ValueSet/DAKDispensingQuantity"},"name":"DAKDispensingQuantity","description":"DAKDispensingQuantity","exampleBoolean":false,"groupingId":"-term-valueset"},{"extension":[{"url":"http://hl7.org/fhir/tools/StructureDefinition/resource-sort","valueInteger":999999999},{"url":"http://hl7.org/fhir/StructureDefinition/implementationguide-page","valueUri":"ValueSet-EnrollmentMethodsforHIVProgram.html"}],"reference":{"reference":"ValueSet/EnrollmentMethodsforHIVProgram"},"name":"EnrollmentMethodsforHIVProgram","exampleBoolean":false,"groupingId":"-term-valueset"},{"extension":[{"url":"http://hl7.org/fhir/tools/StructureDefinition/resource-sort","valueInteger":999999999},{"url":"http://hl7.org/fhir/StructureDefinition/implementationguide-page","valueUri":"ValueSet-OnARV.html"}],"reference":{"reference":"ValueSet/OnARV"},"name":"History of antiretroviral therapy (situation)","description":"History of antiretroviral therapy (situation)","exampleBoolean":false,"groupingId":"-term-valueset"},{"extension":[{"url":"http://hl7.org/fhir/tools/StructureDefinition/resource-sort","valueInteger":999999999},{"url":"http://hl7.org/fhir/StructureDefinition/implementationguide-page","valueUri":"ValueSet-Pregnant.html"}],"reference":{"reference":"ValueSet/Pregnant"},"name":"Pregnant","description":"Currently pregnant","exampleBoolean":false,"groupingId":"-term-valueset"},{"extension":[{"url":"http://hl7.org/fhir/tools/StructureDefinition/resource-sort","valueInteger":999999999},{"url":"http://hl7.org/fhir/StructureDefinition/implementationguide-page","valueUri":"ValueSet-SyntheaHIVMedications.html"}],"reference":{"reference":"ValueSet/SyntheaHIVMedications"},"name":"Synthea HIV MedicationsVS","description":"Synthea HIV MedicationsVS","exampleBoolean":false,"groupingId":"-term-valueset"},{"extension":[{"url":"http://hl7.org/fhir/tools/StructureDefinition/resource-sort","valueInteger":999999999},{"url":"http://hl7.org/fhir/StructureDefinition/implementationguide-page","valueUri":"ValueSet-DAKPLHIV.html"}],"reference":{"reference":"ValueSet/DAKPLHIV"},"name":"WHO HIV Clinical Stages","description":"WHO HIV Clinical Stages","exampleBoolean":false,"groupingId":"-term-valueset"},{"extension":[{"url":"http://hl7.org/fhir/tools/StructureDefinition/resource-sort","valueInteger":999999999},{"url":"http://hl7.org/fhir/StructureDefinition/implementationguide-page","valueUri":"CodeSystem-CIEL.html"}],"reference":{"reference":"CodeSystem/CIEL"},"name":"CIEL","description":"Columbia International eHealth Laboratory (CIEL)","exampleBoolean":false,"groupingId":"-term-codesystem"},{"extension":[{"url":"http://hl7.org/fhir/tools/StructureDefinition/resource-sort","valueInteger":999999999},{"url":"http://hl7.org/fhir/StructureDefinition/implementationguide-page","valueUri":"CodeSystem-DAKCoarseAgeRangeCS.html"}],"reference":{"reference":"CodeSystem/DAKCoarseAgeRangeCS"},"name":"DAKCoarseAgeRangeCS","description":"DAKCoarseAgeRangeCS","exampleBoolean":false,"groupingId":"-term-codesystem"},{"extension":[{"url":"http://hl7.org/fhir/tools/StructureDefinition/resource-sort","valueInteger":999999999},{"url":"http://hl7.org/fhir/StructureDefinition/implementationguide-page","valueUri":"CodeSystem-DAKDispensingQuantityCS.html"}],"reference":{"reference":"CodeSystem/DAKDispensingQuantityCS"},"name":"DAKDispensingQuantityCS","description":"DAKDispensingQuantityCS","exampleBoolean":false,"groupingId":"-term-codesystem"},{"extension":[{"url":"http://hl7.org/fhir/tools/StructureDefinition/resource-sort","valueInteger":999999999},{"url":"http://hl7.org/fhir/StructureDefinition/implementationguide-page","valueUri":"CodeSystem-EnrollmentMethods.html"}],"reference":{"reference":"CodeSystem/EnrollmentMethods"},"name":"Enrollment Methods for HIV program","exampleBoolean":false,"groupingId":"-term-codesystem"},{"extension":[{"url":"http://hl7.org/fhir/tools/StructureDefinition/resource-sort","valueInteger":999999999},{"url":"http://hl7.org/fhir/StructureDefinition/implementationguide-page","valueUri":"CodeSystem-DAKICD11.html"}],"reference":{"reference":"CodeSystem/DAKICD11"},"name":"ICD-11 codes from the HIV DAK","description":"ICD-11 codes from the HIV DAK","exampleBoolean":false,"groupingId":"-term-codesystem"},{"extension":[{"url":"http://hl7.org/fhir/tools/StructureDefinition/resource-sort","valueInteger":999999999},{"url":"http://hl7.org/fhir/StructureDefinition/implementationguide-page","valueUri":"CodeSystem-OpenHIE.html"}],"reference":{"reference":"CodeSystem/OpenHIE"},"name":"OpenHIE CodeSystem","description":"OpenHIE CodeSystem","exampleBoolean":false,"groupingId":"-term-codesystem"},{"extension":[{"url":"http://hl7.org/fhir/tools/StructureDefinition/resource-sort","valueInteger":999999999},{"url":"http://hl7.org/fhir/StructureDefinition/implementationguide-page","valueUri":"Condition-Condition-DAK-onart-art.html"}],"reference":{"reference":"Condition/Condition-DAK-onart-art"},"name":"Condition-DAK-onart-art","description":"Condition-DAK-onart-art","exampleBoolean":true,"groupingId":"-ex-example"},{"extension":[{"url":"http://hl7.org/fhir/tools/StructureDefinition/resource-sort","valueInteger":999999999},{"url":"http://hl7.org/fhir/StructureDefinition/implementationguide-page","valueUri":"Condition-Condition-DAK-onart-hiv.html"}],"reference":{"reference":"Condition/Condition-DAK-onart-hiv"},"name":"Condition-DAK-onart-hiv","description":"Condition-DAK-onart-hiv","exampleBoolean":true,"groupingId":"-ex-example"},{"extension":[{"url":"http://hl7.org/fhir/tools/StructureDefinition/resource-sort","valueInteger":999999999},{"url":"http://hl7.org/fhir/StructureDefinition/implementationguide-page","valueUri":"Condition-Condition-HIVSimple.html"}],"reference":{"reference":"Condition/Condition-HIVSimple"},"name":"Condition-HIVSimple","description":"Condition-HIVSimple","exampleBoolean":true,"groupingId":"-ex-example"},{"extension":[{"url":"http://hl7.org/fhir/tools/StructureDefinition/resource-sort","valueInteger":999999999},{"url":"http://hl7.org/fhir/StructureDefinition/implementationguide-page","valueUri":"Condition-Condition-HIVSimple2.html"}],"reference":{"reference":"Condition/Condition-HIVSimple2"},"name":"Condition-HIVSimple2","description":"Condition-HIVSimple2","exampleBoolean":true,"groupingId":"-ex-example"},{"extension":[{"url":"http://hl7.org/fhir/tools/StructureDefinition/resource-sort","valueInteger":999999999},{"url":"http://hl7.org/fhir/StructureDefinition/implementationguide-page","valueUri":"Condition-Condition-Pregnancy.html"}],"reference":{"reference":"Condition/Condition-Pregnancy"},"name":"Condition-Pregnancy","description":"Condition-Pregnancy","exampleBoolean":true,"groupingId":"-ex-example"},{"extension":[{"url":"http://hl7.org/fhir/tools/StructureDefinition/resource-sort","valueInteger":999999999},{"url":"http://hl7.org/fhir/StructureDefinition/implementationguide-page","valueUri":"Condition-Condition-Pregnancy2.html"}],"reference":{"reference":"Condition/Condition-Pregnancy2"},"name":"Condition-Pregnancy","description":"Condition-Pregnancy","exampleBoolean":true,"groupingId":"-ex-example"},{"extension":[{"url":"http://hl7.org/fhir/tools/StructureDefinition/resource-sort","valueInteger":999999999},{"url":"http://hl7.org/fhir/StructureDefinition/implementationguide-page","valueUri":"Condition-Condition-PregnancyCIEL.html"}],"reference":{"reference":"Condition/Condition-PregnancyCIEL"},"name":"Condition-PregnancyCIEL","description":"Condition-PregnancyCIEL","exampleBoolean":true,"groupingId":"-ex-example"},{"extension":[{"url":"http://hl7.org/fhir/tools/StructureDefinition/resource-sort","valueInteger":999999999},{"url":"http://hl7.org/fhir/StructureDefinition/implementationguide-page","valueUri":"Location-Location-DAK.html"}],"reference":{"reference":"Location/Location-DAK"},"name":"DAK Location","description":"DAK Location","exampleBoolean":true,"groupingId":"-ex-example"},{"extension":[{"url":"http://hl7.org/fhir/tools/StructureDefinition/resource-sort","valueInteger":999999999},{"url":"http://hl7.org/fhir/StructureDefinition/implementationguide-page","valueUri":"Organization-Organization-DAK.html"}],"reference":{"reference":"Organization/Organization-DAK"},"name":"DAK Organization","description":"DAK Organization","exampleBoolean":true,"groupingId":"-ex-example"},{"extension":[{"url":"http://hl7.org/fhir/tools/StructureDefinition/resource-sort","valueInteger":999999999},{"url":"http://hl7.org/fhir/StructureDefinition/implementationguide-page","valueUri":"Library-DAKConcepts.html"}],"reference":{"reference":"Library/DAKConcepts"},"name":"DAKConcepts","description":"DAKConcepts","exampleBoolean":true,"groupingId":"-ex-example"},{"extension":[{"url":"http://hl7.org/fhir/tools/StructureDefinition/resource-sort","valueInteger":999999999},{"url":"http://hl7.org/fhir/StructureDefinition/implementationguide-page","valueUri":"Library-DAKDataElements.html"}],"reference":{"reference":"Library/DAKDataElements"},"name":"DAKDataElements","description":"DAKDataElements","exampleBoolean":true,"groupingId":"-ex-example"},{"extension":[{"url":"http://hl7.org/fhir/tools/StructureDefinition/resource-sort","valueInteger":999999999},{"url":"http://hl7.org/fhir/StructureDefinition/implementationguide-page","valueUri":"Library-DAKStratifiers.html"}],"reference":{"reference":"Library/DAKStratifiers"},"name":"DAKStratifiers","description":"DAKStratifiers","exampleBoolean":true,"groupingId":"-ex-example"},{"extension":[{"url":"http://hl7.org/fhir/tools/StructureDefinition/resource-sort","valueInteger":999999999},{"url":"http://hl7.org/fhir/StructureDefinition/implementationguide-page","valueUri":"Library-DAKTXCURRLibrary.html"}],"reference":{"reference":"Library/DAKTXCURRLibrary"},"name":"DAKTXCURR","description":"DAKTXCURR","exampleBoolean":true,"groupingId":"-ex-example"},{"extension":[{"url":"http://hl7.org/fhir/tools/StructureDefinition/resource-sort","valueInteger":999999999},{"url":"http://hl7.org/fhir/StructureDefinition/implementationguide-page","valueUri":"Measure-DAKTXCURR.html"}],"reference":{"reference":"Measure/DAKTXCURR"},"name":"DAKTXCURR","description":"DAKTXCURR","exampleBoolean":true,"groupingId":"-ex-example"},{"extension":[{"url":"http://hl7.org/fhir/tools/StructureDefinition/resource-sort","valueInteger":999999999},{"url":"http://hl7.org/fhir/StructureDefinition/implementationguide-page","valueUri":"Library-Debug.html"}],"reference":{"reference":"Library/Debug"},"name":"Debug","description":"Debug","exampleBoolean":true,"groupingId":"-ex-example"},{"extension":[{"url":"http://hl7.org/fhir/tools/StructureDefinition/resource-sort","valueInteger":999999999},{"url":"http://hl7.org/fhir/StructureDefinition/implementationguide-page","valueUri":"Patient-DeceasedBoolean.html"}],"reference":{"reference":"Patient/DeceasedBoolean"},"name":"DeceasedBoolean","exampleBoolean":true,"groupingId":"-ex-example"},{"extension":[{"url":"http://hl7.org/fhir/tools/StructureDefinition/resource-sort","valueInteger":999999999},{"url":"http://hl7.org/fhir/StructureDefinition/implementationguide-page","valueUri":"Patient-DeceasedDateTime.html"}],"reference":{"reference":"Patient/DeceasedDateTime"},"name":"DeceasedDateTime","exampleBoolean":true,"groupingId":"-ex-example"},{"extension":[{"url":"http://hl7.org/fhir/tools/StructureDefinition/resource-sort","valueInteger":999999999},{"url":"http://hl7.org/fhir/StructureDefinition/implementationguide-page","valueUri":"DiagnosticReport-DiagnosticReport-HIVSimple.html"}],"reference":{"reference":"DiagnosticReport/DiagnosticReport-HIVSimple"},"name":"DiagnosticReport-HIVSimple","description":"DiagnosticReport-HIVSimple","exampleBoolean":true,"groupingId":"-ex-example"},{"extension":[{"url":"http://hl7.org/fhir/tools/StructureDefinition/resource-sort","valueInteger":999999999},{"url":"http://hl7.org/fhir/StructureDefinition/implementationguide-page","valueUri":"DiagnosticReport-DiagnosticReport-HIVSimple2.html"}],"reference":{"reference":"DiagnosticReport/DiagnosticReport-HIVSimple2"},"name":"DiagnosticReport-HIVSimple2","description":"DiagnosticReport-HIVSimple2","exampleBoolean":true,"groupingId":"-ex-example"},{"extension":[{"url":"http://hl7.org/fhir/tools/StructureDefinition/resource-sort","valueInteger":999999999},{"url":"http://hl7.org/fhir/StructureDefinition/implementationguide-page","valueUri":"DiagnosticReport-DiagnosticReport-ViralLoad.html"}],"reference":{"reference":"DiagnosticReport/DiagnosticReport-ViralLoad"},"name":"DiagnosticReport-ViralLoad","description":"DiagnosticReport-ViralLoad","exampleBoolean":true,"groupingId":"-ex-example"},{"extension":[{"url":"http://hl7.org/fhir/tools/StructureDefinition/resource-sort","valueInteger":999999999},{"url":"http://hl7.org/fhir/StructureDefinition/implementationguide-page","valueUri":"DiagnosticReport-DiagnosticReport-ViralLoad2.html"}],"reference":{"reference":"DiagnosticReport/DiagnosticReport-ViralLoad2"},"name":"DiagnosticReport-ViralLoad","description":"DiagnosticReport-ViralLoad","exampleBoolean":true,"groupingId":"-ex-example"},{"extension":[{"url":"http://hl7.org/fhir/tools/StructureDefinition/resource-sort","valueInteger":999999999},{"url":"http://hl7.org/fhir/StructureDefinition/implementationguide-page","valueUri":"DiagnosticReport-DiagnosticReport2-ViralLoad.html"}],"reference":{"reference":"DiagnosticReport/DiagnosticReport2-ViralLoad"},"name":"DiagnosticReport2-ViralLoad","description":"DiagnosticReport2-ViralLoad","exampleBoolean":true,"groupingId":"-ex-example"},{"extension":[{"url":"http://hl7.org/fhir/tools/StructureDefinition/resource-sort","valueInteger":999999999},{"url":"http://hl7.org/fhir/StructureDefinition/implementationguide-page","valueUri":"Encounter-Encounter-DAK-onart.html"}],"reference":{"reference":"Encounter/Encounter-DAK-onart"},"name":"Encounter-DAK-onart","description":"Encounter-DAK-onart","exampleBoolean":true,"groupingId":"-ex-example"},{"extension":[{"url":"http://hl7.org/fhir/tools/StructureDefinition/resource-sort","valueInteger":999999999},{"url":"http://hl7.org/fhir/StructureDefinition/implementationguide-page","valueUri":"Encounter-Encounter-HIVSimple.html"}],"reference":{"reference":"Encounter/Encounter-HIVSimple"},"name":"Encounter-HIVSimple","description":"Encounter-HIVSimple","exampleBoolean":true,"groupingId":"-ex-example"},{"extension":[{"url":"http://hl7.org/fhir/tools/StructureDefinition/resource-sort","valueInteger":999999999},{"url":"http://hl7.org/fhir/StructureDefinition/implementationguide-page","valueUri":"Encounter-Encounter-HIVSimple2.html"}],"reference":{"reference":"Encounter/Encounter-HIVSimple2"},"name":"Encounter-HIVSimple2","description":"Encounter-HIVSimple2","exampleBoolean":true,"groupingId":"-ex-example"},{"extension":[{"url":"http://hl7.org/fhir/tools/StructureDefinition/resource-sort","valueInteger":999999999},{"url":"http://hl7.org/fhir/StructureDefinition/implementationguide-page","valueUri":"Encounter-Encounter-ViralLoad.html"}],"reference":{"reference":"Encounter/Encounter-ViralLoad"},"name":"Encounter-ViralLoad","description":"Encounter-ViralLoad","exampleBoolean":true,"groupingId":"-ex-example"},{"extension":[{"url":"http://hl7.org/fhir/tools/StructureDefinition/resource-sort","valueInteger":999999999},{"url":"http://hl7.org/fhir/StructureDefinition/implementationguide-page","valueUri":"Encounter-Encounter-ViralLoad2.html"}],"reference":{"reference":"Encounter/Encounter-ViralLoad2"},"name":"Encounter-ViralLoad","description":"Encounter-ViralLoad","exampleBoolean":true,"groupingId":"-ex-example"},{"extension":[{"url":"http://hl7.org/fhir/tools/StructureDefinition/resource-sort","valueInteger":999999999},{"url":"http://hl7.org/fhir/StructureDefinition/implementationguide-page","valueUri":"Encounter-Encounter2-ViralLoad.html"}],"reference":{"reference":"Encounter/Encounter2-ViralLoad"},"name":"Encounter2-ViralLoad","description":"Encounter2-ViralLoad","exampleBoolean":true,"groupingId":"-ex-example"},{"extension":[{"url":"http://hl7.org/fhir/tools/StructureDefinition/resource-sort","valueInteger":999999999},{"url":"http://hl7.org/fhir/StructureDefinition/implementationguide-page","valueUri":"Encounter-EncounterCIEL.html"}],"reference":{"reference":"Encounter/EncounterCIEL"},"name":"EncounterCIEL","description":"EncounterCIEL","exampleBoolean":true,"groupingId":"-ex-example"},{"extension":[{"url":"http://hl7.org/fhir/tools/StructureDefinition/resource-sort","valueInteger":999999999},{"url":"http://hl7.org/fhir/StructureDefinition/implementationguide-page","valueUri":"Bundle-Example-DAK-onart.html"}],"reference":{"reference":"Bundle/Example-DAK-onart"},"name":"Example-DAK-onart","description":"Example-DAK-onart","exampleBoolean":true,"groupingId":"-ex-example"},{"extension":[{"url":"http://hl7.org/fhir/tools/StructureDefinition/resource-sort","valueInteger":999999999},{"url":"http://hl7.org/fhir/StructureDefinition/implementationguide-page","valueUri":"Bundle-Example-HIVSimple.html"}],"reference":{"reference":"Bundle/Example-HIVSimple"},"name":"Example-HIVSimple","description":"Example-HIVSimple","exampleBoolean":true,"groupingId":"-ex-example"},{"extension":[{"url":"http://hl7.org/fhir/tools/StructureDefinition/resource-sort","valueInteger":999999999},{"url":"http://hl7.org/fhir/StructureDefinition/implementationguide-page","valueUri":"Bundle-Example-HIVSimple2.html"}],"reference":{"reference":"Bundle/Example-HIVSimple2"},"name":"Example-HIVSimple2","description":"Example-HIVSimple2","exampleBoolean":true,"groupingId":"-ex-example"},{"extension":[{"url":"http://hl7.org/fhir/tools/StructureDefinition/resource-sort","valueInteger":999999999},{"url":"http://hl7.org/fhir/StructureDefinition/implementationguide-page","valueUri":"Bundle-Example-Locations-Organizations.html"}],"reference":{"reference":"Bundle/Example-Locations-Organizations"},"name":"Example-Locations-Organizations","description":"Example-Locations-Organizations","exampleBoolean":true,"groupingId":"-ex-example"},{"extension":[{"url":"http://hl7.org/fhir/tools/StructureDefinition/resource-sort","valueInteger":999999999},{"url":"http://hl7.org/fhir/StructureDefinition/implementationguide-page","valueUri":"Bundle-Example0.html"}],"reference":{"reference":"Bundle/Example0"},"name":"Example0","description":"Example0","exampleBoolean":true,"groupingId":"-ex-example"},{"extension":[{"url":"http://hl7.org/fhir/tools/StructureDefinition/resource-sort","valueInteger":999999999},{"url":"http://hl7.org/fhir/StructureDefinition/implementationguide-page","valueUri":"Bundle-ExampleOMRS0.html"}],"reference":{"reference":"Bundle/ExampleOMRS0"},"name":"Example0","description":"Example0","exampleBoolean":true,"groupingId":"-ex-example"},{"extension":[{"url":"http://hl7.org/fhir/tools/StructureDefinition/resource-sort","valueInteger":999999999},{"url":"http://hl7.org/fhir/StructureDefinition/implementationguide-page","valueUri":"Bundle-ExampleCIEL.html"}],"reference":{"reference":"Bundle/ExampleCIEL"},"name":"ExampleCIEL","description":"ExampleCIEL","exampleBoolean":true,"groupingId":"-ex-example"},{"extension":[{"url":"http://hl7.org/fhir/tools/StructureDefinition/resource-sort","valueInteger":999999999},{"url":"http://hl7.org/fhir/StructureDefinition/implementationguide-page","valueUri":"Bundle-ExampleDeceasedBoolean.html"}],"reference":{"reference":"Bundle/ExampleDeceasedBoolean"},"name":"ExampleDeceasedBoolean","description":"ExampleDeceasedBoolean","exampleBoolean":true,"groupingId":"-ex-example"},{"extension":[{"url":"http://hl7.org/fhir/tools/StructureDefinition/resource-sort","valueInteger":999999999},{"url":"http://hl7.org/fhir/StructureDefinition/implementationguide-page","valueUri":"Bundle-ExampleDeceasedDateTime.html"}],"reference":{"reference":"Bundle/ExampleDeceasedDateTime"},"name":"ExampleDeceasedDateTime","description":"ExampleDeceasedDateTime","exampleBoolean":true,"groupingId":"-ex-example"},{"extension":[{"url":"http://hl7.org/fhir/tools/StructureDefinition/resource-sort","valueInteger":999999999},{"url":"http://hl7.org/fhir/StructureDefinition/implementationguide-page","valueUri":"Library-FHIRCommon.html"}],"reference":{"reference":"Library/FHIRCommon"},"name":"FHIRCommon","description":"FHIRCommon","exampleBoolean":true,"groupingId":"-ex-example"},{"extension":[{"url":"http://hl7.org/fhir/tools/StructureDefinition/resource-sort","valueInteger":999999999},{"url":"http://hl7.org/fhir/StructureDefinition/implementationguide-page","valueUri":"Library-FHIRHelpers.html"}],"reference":{"reference":"Library/FHIRHelpers"},"name":"FHIRHelpers","description":"FHIRHelpers","exampleBoolean":true,"groupingId":"-ex-example"},{"extension":[{"url":"http://hl7.org/fhir/tools/StructureDefinition/resource-sort","valueInteger":999999999},{"url":"http://hl7.org/fhir/StructureDefinition/implementationguide-page","valueUri":"Bundle-KEMRBundle.html"}],"reference":{"reference":"Bundle/KEMRBundle"},"name":"KEMRBundle","description":"KEMRBundle","exampleBoolean":true,"groupingId":"-ex-example"},{"extension":[{"url":"http://hl7.org/fhir/tools/StructureDefinition/resource-sort","valueInteger":999999999},{"url":"http://hl7.org/fhir/StructureDefinition/implementationguide-page","valueUri":"Measure-KEMRTXCURR.html"}],"reference":{"reference":"Measure/KEMRTXCURR"},"name":"KEMRTXCURR","description":"KEMRTXCURR","exampleBoolean":true,"groupingId":"-ex-example"},{"extension":[{"url":"http://hl7.org/fhir/tools/StructureDefinition/resource-sort","valueInteger":999999999},{"url":"http://hl7.org/fhir/StructureDefinition/implementationguide-page","valueUri":"Library-KenyaEMRConcepts.html"}],"reference":{"reference":"Library/KenyaEMRConcepts"},"name":"KenyaEMRConcepts","description":"KenyaEMRConcepts","exampleBoolean":true,"groupingId":"-ex-example"},{"extension":[{"url":"http://hl7.org/fhir/tools/StructureDefinition/resource-sort","valueInteger":999999999},{"url":"http://hl7.org/fhir/StructureDefinition/implementationguide-page","valueUri":"Library-KenyaEMRStratifiers.html"}],"reference":{"reference":"Library/KenyaEMRStratifiers"},"name":"KenyaEMRStratifiers","description":"KenyaEMRStratifiers","exampleBoolean":true,"groupingId":"-ex-example"},{"extension":[{"url":"http://hl7.org/fhir/tools/StructureDefinition/resource-sort","valueInteger":999999999},{"url":"http://hl7.org/fhir/StructureDefinition/implementationguide-page","valueUri":"Library-KenyaEMRTXCURR.html"}],"reference":{"reference":"Library/KenyaEMRTXCURR"},"name":"KenyaEMRTXCURR","description":"KenyaEMRTXCURR","exampleBoolean":true,"groupingId":"-ex-example"},{"extension":[{"url":"http://hl7.org/fhir/tools/StructureDefinition/resource-sort","valueInteger":999999999},{"url":"http://hl7.org/fhir/StructureDefinition/implementationguide-page","valueUri":"Location-a3b793f0-eb53-4cda-92ce-fe0a77106252.html"}],"reference":{"reference":"Location/a3b793f0-eb53-4cda-92ce-fe0a77106252"},"name":"Location Example","description":"Example OpenMRS Location resource","exampleBoolean":true,"groupingId":"-ex-example"},{"extension":[{"url":"http://hl7.org/fhir/tools/StructureDefinition/resource-sort","valueInteger":999999999},{"url":"http://hl7.org/fhir/StructureDefinition/implementationguide-page","valueUri":"Location-Location-HIVSimple1.html"}],"reference":{"reference":"Location/Location-HIVSimple1"},"name":"Location-HIVSimple1","description":"Location-HIVSimple1","exampleBoolean":true,"groupingId":"-ex-example"},{"extension":[{"url":"http://hl7.org/fhir/tools/StructureDefinition/resource-sort","valueInteger":999999999},{"url":"http://hl7.org/fhir/StructureDefinition/implementationguide-page","valueUri":"Location-Location-HIVSimple2.html"}],"reference":{"reference":"Location/Location-HIVSimple2"},"name":"Location-HIVSimple2","description":"Location-HIVSimple2","exampleBoolean":true,"groupingId":"-ex-example"},{"extension":[{"url":"http://hl7.org/fhir/tools/StructureDefinition/resource-sort","valueInteger":999999999},{"url":"http://hl7.org/fhir/StructureDefinition/implementationguide-page","valueUri":"Location-LocationCIEL.html"}],"reference":{"reference":"Location/LocationCIEL"},"name":"LocationCIEL","description":"LocationCIEL","exampleBoolean":true,"groupingId":"-ex-example"},{"extension":[{"url":"http://hl7.org/fhir/tools/StructureDefinition/resource-sort","valueInteger":999999999},{"url":"http://hl7.org/fhir/StructureDefinition/implementationguide-page","valueUri":"MedicationRequest-MedicationRequest-DAK-onart.html"}],"reference":{"reference":"MedicationRequest/MedicationRequest-DAK-onart"},"name":"MedicationRequest-DAK-onart","description":"MedicationRequest-DAK-onart","exampleBoolean":true,"groupingId":"-ex-example"},{"extension":[{"url":"http://hl7.org/fhir/tools/StructureDefinition/resource-sort","valueInteger":999999999},{"url":"http://hl7.org/fhir/StructureDefinition/implementationguide-page","valueUri":"Observation-Observation-DAK-onart.html"}],"reference":{"reference":"Observation/Observation-DAK-onart"},"name":"Observation-DAK-onart","description":"Observation-DAK-onart","exampleBoolean":true,"groupingId":"-ex-example"},{"extension":[{"url":"http://hl7.org/fhir/tools/StructureDefinition/resource-sort","valueInteger":999999999},{"url":"http://hl7.org/fhir/StructureDefinition/implementationguide-page","valueUri":"Observation-Observation-DAK-onart-dispense.html"}],"reference":{"reference":"Observation/Observation-DAK-onart-dispense"},"name":"Observation-DAK-onart-dispense","description":"Observation-DAK-onart-dispense","exampleBoolean":true,"groupingId":"-ex-example"},{"extension":[{"url":"http://hl7.org/fhir/tools/StructureDefinition/resource-sort","valueInteger":999999999},{"url":"http://hl7.org/fhir/StructureDefinition/implementationguide-page","valueUri":"Observation-Observation-HIVSimple.html"}],"reference":{"reference":"Observation/Observation-HIVSimple"},"name":"Observation-HIVSimple","description":"Observation-HIVSimple","exampleBoolean":true,"groupingId":"-ex-example"},{"extension":[{"url":"http://hl7.org/fhir/tools/StructureDefinition/resource-sort","valueInteger":999999999},{"url":"http://hl7.org/fhir/StructureDefinition/implementationguide-page","valueUri":"Observation-Observation-HIVSimple2.html"}],"reference":{"reference":"Observation/Observation-HIVSimple2"},"name":"Observation-HIVSimple2","description":"Observation-HIVSimple2","exampleBoolean":true,"groupingId":"-ex-example"},{"extension":[{"url":"http://hl7.org/fhir/tools/StructureDefinition/resource-sort","valueInteger":999999999},{"url":"http://hl7.org/fhir/StructureDefinition/implementationguide-page","valueUri":"Observation-Observation-ViralLoad.html"}],"reference":{"reference":"Observation/Observation-ViralLoad"},"name":"Observation-ViralLoad","description":"Observation-ViralLoad","exampleBoolean":true,"groupingId":"-ex-example"},{"extension":[{"url":"http://hl7.org/fhir/tools/StructureDefinition/resource-sort","valueInteger":999999999},{"url":"http://hl7.org/fhir/StructureDefinition/implementationguide-page","valueUri":"Observation-Observation-ViralLoad2.html"}],"reference":{"reference":"Observation/Observation-ViralLoad2"},"name":"Observation-ViralLoad","description":"Observation-ViralLoad","exampleBoolean":true,"groupingId":"-ex-example"},{"extension":[{"url":"http://hl7.org/fhir/tools/StructureDefinition/resource-sort","valueInteger":999999999},{"url":"http://hl7.org/fhir/StructureDefinition/implementationguide-page","valueUri":"Observation-Observation2-ViralLoad.html"}],"reference":{"reference":"Observation/Observation2-ViralLoad"},"name":"Observation2-ViralLoad","description":"Observation2-ViralLoad","exampleBoolean":true,"groupingId":"-ex-example"},{"extension":[{"url":"http://hl7.org/fhir/tools/StructureDefinition/resource-sort","valueInteger":999999999},{"url":"http://hl7.org/fhir/StructureDefinition/implementationguide-page","valueUri":"Observation-ObservationCIEL.html"}],"reference":{"reference":"Observation/ObservationCIEL"},"name":"ObservationCIEL","description":"ObservationCIEL","exampleBoolean":true,"groupingId":"-ex-example"},{"extension":[{"url":"http://hl7.org/fhir/tools/StructureDefinition/resource-sort","valueInteger":999999999},{"url":"http://hl7.org/fhir/StructureDefinition/implementationguide-page","valueUri":"Condition-a6867095-e2b1-4a68-9aaa-0d161a37ce9c.html"}],"reference":{"reference":"Condition/a6867095-e2b1-4a68-9aaa-0d161a37ce9c"},"name":"OpenMRS Condition Resource Example","description":"Example OMRS Condition resource","exampleBoolean":true,"groupingId":"-ex-example"},{"extension":[{"url":"http://hl7.org/fhir/tools/StructureDefinition/resource-sort","valueInteger":999999999},{"url":"http://hl7.org/fhir/StructureDefinition/implementationguide-page","valueUri":"Encounter-5b829d01-34bb-47d1-b1bb-9303c3a9ebcb.html"}],"reference":{"reference":"Encounter/5b829d01-34bb-47d1-b1bb-9303c3a9ebcb"},"name":"OpenMRS Encounter Resource Example","description":"Example OpenMRS Encounter resource","exampleBoolean":true,"groupingId":"-ex-example"},{"extension":[{"url":"http://hl7.org/fhir/tools/StructureDefinition/resource-sort","valueInteger":999999999},{"url":"http://hl7.org/fhir/StructureDefinition/implementationguide-page","valueUri":"Encounter-EncounterOMRS0.html"}],"reference":{"reference":"Encounter/EncounterOMRS0"},"name":"OpenMRS Encounter Resource Example","description":"Example OpenMRS Encounter resource","exampleBoolean":true,"groupingId":"-ex-example"},{"extension":[{"url":"http://hl7.org/fhir/tools/StructureDefinition/resource-sort","valueInteger":999999999},{"url":"http://hl7.org/fhir/StructureDefinition/implementationguide-page","valueUri":"Observation-ObservationOMRS0.html"}],"reference":{"reference":"Observation/ObservationOMRS0"},"name":"OpenMRS Observation Example","description":"Example OpenMRS Observation resource","exampleBoolean":true,"groupingId":"-ex-example"},{"extension":[{"url":"http://hl7.org/fhir/tools/StructureDefinition/resource-sort","valueInteger":999999999},{"url":"http://hl7.org/fhir/StructureDefinition/implementationguide-page","valueUri":"Observation-example-openmrs-Observation.html"}],"reference":{"reference":"Observation/example-openmrs-Observation"},"name":"OpenMRS Observation Example","description":"Example OpenMRS Observation resource","exampleBoolean":true,"groupingId":"-ex-example"},{"extension":[{"url":"http://hl7.org/fhir/tools/StructureDefinition/resource-sort","valueInteger":999999999},{"url":"http://hl7.org/fhir/StructureDefinition/implementationguide-page","valueUri":"Patient-PatientOMRS0.html"}],"reference":{"reference":"Patient/PatientOMRS0"},"name":"OpenMRS Patient Example","description":"Example OpenMRS Patient resource","exampleBoolean":true,"groupingId":"-ex-example"},{"extension":[{"url":"http://hl7.org/fhir/tools/StructureDefinition/resource-sort","valueInteger":999999999},{"url":"http://hl7.org/fhir/StructureDefinition/implementationguide-page","valueUri":"Patient-example-openmrs-Patient.html"}],"reference":{"reference":"Patient/example-openmrs-Patient"},"name":"OpenMRS Patient Example","description":"Example OpenMRS Patient resource","exampleBoolean":true,"groupingId":"-ex-example"},{"extension":[{"url":"http://hl7.org/fhir/tools/StructureDefinition/resource-sort","valueInteger":999999999},{"url":"http://hl7.org/fhir/StructureDefinition/implementationguide-page","valueUri":"DiagnosticReport-8a849d5e-6011-4279-a124-40ada5a687de.html"}],"reference":{"reference":"DiagnosticReport/8a849d5e-6011-4279-a124-40ada5a687de"},"name":"Openmrs DiagnosticReport","description":"Example OMRS DiagnosticReport Resource","exampleBoolean":true,"groupingId":"-ex-example"},{"extension":[{"url":"http://hl7.org/fhir/tools/StructureDefinition/resource-sort","valueInteger":999999999},{"url":"http://hl7.org/fhir/StructureDefinition/implementationguide-page","valueUri":"Organization-Organization-HIVSimple1.html"}],"reference":{"reference":"Organization/Organization-HIVSimple1"},"name":"Organization-HIVSimple1","description":"Organization-HIVSimple1","exampleBoolean":true,"groupingId":"-ex-example"},{"extension":[{"url":"http://hl7.org/fhir/tools/StructureDefinition/resource-sort","valueInteger":999999999},{"url":"http://hl7.org/fhir/StructureDefinition/implementationguide-page","valueUri":"Organization-Organization-HIVSimple2.html"}],"reference":{"reference":"Organization/Organization-HIVSimple2"},"name":"Organization-HIVSimple2","description":"Organization-HIVSimple2","exampleBoolean":true,"groupingId":"-ex-example"},{"extension":[{"url":"http://hl7.org/fhir/tools/StructureDefinition/resource-sort","valueInteger":999999999},{"url":"http://hl7.org/fhir/StructureDefinition/implementationguide-page","valueUri":"Organization-OrganizationCIEL.html"}],"reference":{"reference":"Organization/OrganizationCIEL"},"name":"OrganizationCIEL","description":"OrganizationCIEL","exampleBoolean":true,"groupingId":"-ex-example"},{"extension":[{"url":"http://hl7.org/fhir/tools/StructureDefinition/resource-sort","valueInteger":999999999},{"url":"http://hl7.org/fhir/StructureDefinition/implementationguide-page","valueUri":"Patient-Patient-DAK-onart.html"}],"reference":{"reference":"Patient/Patient-DAK-onart"},"name":"Patient-DAK-onart","description":"Patient-DAK-onart","exampleBoolean":true,"groupingId":"-ex-example"},{"extension":[{"url":"http://hl7.org/fhir/tools/StructureDefinition/resource-sort","valueInteger":999999999},{"url":"http://hl7.org/fhir/StructureDefinition/implementationguide-page","valueUri":"Patient-Patient-HIVSimple.html"}],"reference":{"reference":"Patient/Patient-HIVSimple"},"name":"Patient-HIVSimple","description":"Patient-HIVSimple","exampleBoolean":true,"groupingId":"-ex-example"},{"extension":[{"url":"http://hl7.org/fhir/tools/StructureDefinition/resource-sort","valueInteger":999999999},{"url":"http://hl7.org/fhir/StructureDefinition/implementationguide-page","valueUri":"Patient-Patient-HIVSimple2.html"}],"reference":{"reference":"Patient/Patient-HIVSimple2"},"name":"Patient-HIVSimple2","description":"Patient-HIVSimple2","exampleBoolean":true,"groupingId":"-ex-example"},{"extension":[{"url":"http://hl7.org/fhir/tools/StructureDefinition/resource-sort","valueInteger":999999999},{"url":"http://hl7.org/fhir/StructureDefinition/implementationguide-page","valueUri":"Patient-PatientCIEL.html"}],"reference":{"reference":"Patient/PatientCIEL"},"name":"PatientCIEL","description":"PatientCIEL","exampleBoolean":true,"groupingId":"-ex-example"},{"extension":[{"url":"http://hl7.org/fhir/tools/StructureDefinition/resource-sort","valueInteger":999999999},{"url":"http://hl7.org/fhir/StructureDefinition/implementationguide-page","valueUri":"Device-cqf-tooling.html"}],"reference":{"reference":"Device/cqf-tooling"},"name":"cqf-tooling","exampleBoolean":false,"groupingId":"-other"}],"page":{"extension":[{"url":"http://hl7.org/fhir/tools/StructureDefinition/ig-page-name","valueUrl":"toc.html"}],"nameUrl":"toc.html","title":"Table of Contents","generation":"html","page":[{"extension":[{"url":"http://hl7.org/fhir/tools/StructureDefinition/ig-page-name","valueUrl":"index.html"}],"nameUrl":"index.html","title":"Home","generation":"html"},{"extension":[{"url":"http://hl7.org/fhir/tools/StructureDefinition/ig-page-name","valueUrl":"changes.html"}],"nameUrl":"changes.html","title":"Changes","generation":"html"},{"extension":[{"url":"http://hl7.org/fhir/tools/StructureDefinition/ig-page-name","valueUrl":"workflows.html"}],"nameUrl":"workflows.html","title":"Workflows","generation":"markdown"},{"extension":[{"url":"http://hl7.org/fhir/tools/StructureDefinition/ig-page-name","valueUrl":"artifacts.html"}],"nameUrl":"artifacts.html","title":"Artifacts Summary","generation":"html","page":[{"extension":[{"url":"http://hl7.org/fhir/tools/StructureDefinition/ig-page-name","valueUrl":"StructureDefinition-TXCURRelements.html"}],"nameUrl":"StructureDefinition-TXCURRelements.html","title":"TXCURRelements","generation":"generated"},{"extension":[{"url":"http://hl7.org/fhir/tools/StructureDefinition/ig-page-name","valueUrl":"StructureDefinition-DAKARTCondition.html"}],"nameUrl":"StructureDefinition-DAKARTCondition.html","title":"DAK TXCURR Condition for On ART","generation":"generated"},{"extension":[{"url":"http://hl7.org/fhir/tools/StructureDefinition/ig-page-name","valueUrl":"StructureDefinition-DAKHIVCondition.html"}],"nameUrl":"StructureDefinition-DAKHIVCondition.html","title":"DAK TXCURR Condition for PLHIV","generation":"generated"},{"extension":[{"url":"http://hl7.org/fhir/tools/StructureDefinition/ig-page-name","valueUrl":"StructureDefinition-DAKARTVisitEncounter.html"}],"nameUrl":"StructureDefinition-DAKARTVisitEncounter.html","title":"DAK TXCURR Encounter for ART Visit","generation":"generated"},{"extension":[{"url":"http://hl7.org/fhir/tools/StructureDefinition/ig-page-name","valueUrl":"StructureDefinition-DAKDrugPickupEncounter.html"}],"nameUrl":"StructureDefinition-DAKDrugPickupEncounter.html","title":"DAK TXCURR Encounter for Drug Pickup","generation":"generated"},{"extension":[{"url":"http://hl7.org/fhir/tools/StructureDefinition/ig-page-name","valueUrl":"StructureDefinition-DAKMedicationRequest.html"}],"nameUrl":"StructureDefinition-DAKMedicationRequest.html","title":"DAK TXCURR MedicationRequest","generation":"generated"},{"extension":[{"url":"http://hl7.org/fhir/tools/StructureDefinition/ig-page-name","valueUrl":"StructureDefinition-DAKDispenseDaysObservation.html"}],"nameUrl":"StructureDefinition-DAKDispenseDaysObservation.html","title":"DAK TXCURR Observation for Dispensed Days","generation":"generated"},{"extension":[{"url":"http://hl7.org/fhir/tools/StructureDefinition/ig-page-name","valueUrl":"StructureDefinition-DAKARTObservation.html"}],"nameUrl":"StructureDefinition-DAKARTObservation.html","title":"DAK TXCURR Observation for On ART","generation":"generated"},{"extension":[{"url":"http://hl7.org/fhir/tools/StructureDefinition/ig-page-name","valueUrl":"StructureDefinition-DAKStoppedObservation.html"}],"nameUrl":"StructureDefinition-DAKStoppedObservation.html","title":"DAK TXCURR Observation for Stopped ART","generation":"generated"},{"extension":[{"url":"http://hl7.org/fhir/tools/StructureDefinition/ig-page-name","valueUrl":"StructureDefinition-DAKTransferOutObservation.html"}],"nameUrl":"StructureDefinition-DAKTransferOutObservation.html","title":"DAK TXCURR Observation for Transfer Out","generation":"generated"},{"extension":[{"url":"http://hl7.org/fhir/tools/StructureDefinition/ig-page-name","valueUrl":"StructureDefinition-DAKPatient.html"}],"nameUrl":"StructureDefinition-DAKPatient.html","title":"DAK TXCURR Patient","generation":"generated"},{"extension":[{"url":"http://hl7.org/fhir/tools/StructureDefinition/ig-page-name","valueUrl":"ValueSet-DAKARTMeds.html"}],"nameUrl":"ValueSet-DAKARTMeds.html","title":"ART medications","generation":"generated"},{"extension":[{"url":"http://hl7.org/fhir/tools/StructureDefinition/ig-page-name","valueUrl":"ValueSet-CIELHIVMedications.html"}],"nameUrl":"ValueSet-CIELHIVMedications.html","title":"CIELHIVMedications","generation":"generated"},{"extension":[{"url":"http://hl7.org/fhir/tools/StructureDefinition/ig-page-name","valueUrl":"ValueSet-active-condition.html"}],"nameUrl":"ValueSet-active-condition.html","title":"CQF Active Condition","generation":"generated"},{"extension":[{"url":"http://hl7.org/fhir/tools/StructureDefinition/ig-page-name","valueUrl":"ValueSet-inactive-condition.html"}],"nameUrl":"ValueSet-inactive-condition.html","title":"CQF Inactive Condition","generation":"generated"},{"extension":[{"url":"http://hl7.org/fhir/tools/StructureDefinition/ig-page-name","valueUrl":"ValueSet-DAKARTVisit.html"}],"nameUrl":"ValueSet-DAKARTVisit.html","title":"DAK ART Visit codes","generation":"generated"},{"extension":[{"url":"http://hl7.org/fhir/tools/StructureDefinition/ig-page-name","valueUrl":"ValueSet-DAKARTStop.html"}],"nameUrl":"ValueSet-DAKARTStop.html","title":"DAK Codes for ART Stopped","generation":"generated"},{"extension":[{"url":"http://hl7.org/fhir/tools/StructureDefinition/ig-page-name","valueUrl":"ValueSet-DAKONART.html"}],"nameUrl":"ValueSet-DAKONART.html","title":"DAK Codes for On ART","generation":"generated"},{"extension":[{"url":"http://hl7.org/fhir/tools/StructureDefinition/ig-page-name","valueUrl":"ValueSet-DAKHIVTransfer.html"}],"nameUrl":"ValueSet-DAKHIVTransfer.html","title":"DAK Codes for Transfer in for HIV Care","generation":"generated"},{"extension":[{"url":"http://hl7.org/fhir/tools/StructureDefinition/ig-page-name","valueUrl":"ValueSet-DAKARVDrugPickup.html"}],"nameUrl":"ValueSet-DAKARVDrugPickup.html","title":"DAK Drug Pickup Appointment codes","generation":"generated"},{"extension":[{"url":"http://hl7.org/fhir/tools/StructureDefinition/ig-page-name","valueUrl":"ValueSet-DAKMMD.html"}],"nameUrl":"ValueSet-DAKMMD.html","title":"DAK Multi-Month Dispense codes","generation":"generated"},{"extension":[{"url":"http://hl7.org/fhir/tools/StructureDefinition/ig-page-name","valueUrl":"ValueSet-DAKCoarseAgeRange.html"}],"nameUrl":"ValueSet-DAKCoarseAgeRange.html","title":"DAKCoarseAgeRange","generation":"generated"},{"extension":[{"url":"http://hl7.org/fhir/tools/StructureDefinition/ig-page-name","valueUrl":"ValueSet-DAKDispensingQuantity.html"}],"nameUrl":"ValueSet-DAKDispensingQuantity.html","title":"DAKDispensingQuantity","generation":"generated"},{"extension":[{"url":"http://hl7.org/fhir/tools/StructureDefinition/ig-page-name","valueUrl":"ValueSet-EnrollmentMethodsforHIVProgram.html"}],"nameUrl":"ValueSet-EnrollmentMethodsforHIVProgram.html","title":"EnrollmentMethodsforHIVProgram","generation":"generated"},{"extension":[{"url":"http://hl7.org/fhir/tools/StructureDefinition/ig-page-name","valueUrl":"ValueSet-OnARV.html"}],"nameUrl":"ValueSet-OnARV.html","title":"History of antiretroviral therapy (situation)","generation":"generated"},{"extension":[{"url":"http://hl7.org/fhir/tools/StructureDefinition/ig-page-name","valueUrl":"ValueSet-Pregnant.html"}],"nameUrl":"ValueSet-Pregnant.html","title":"Pregnant","generation":"generated"},{"extension":[{"url":"http://hl7.org/fhir/tools/StructureDefinition/ig-page-name","valueUrl":"ValueSet-SyntheaHIVMedications.html"}],"nameUrl":"ValueSet-SyntheaHIVMedications.html","title":"Synthea HIV MedicationsVS","generation":"generated"},{"extension":[{"url":"http://hl7.org/fhir/tools/StructureDefinition/ig-page-name","valueUrl":"ValueSet-DAKPLHIV.html"}],"nameUrl":"ValueSet-DAKPLHIV.html","title":"WHO HIV Clinical Stages","generation":"generated"},{"extension":[{"url":"http://hl7.org/fhir/tools/StructureDefinition/ig-page-name","valueUrl":"CodeSystem-CIEL.html"}],"nameUrl":"CodeSystem-CIEL.html","title":"CIEL","generation":"generated"},{"extension":[{"url":"http://hl7.org/fhir/tools/StructureDefinition/ig-page-name","valueUrl":"CodeSystem-DAKCoarseAgeRangeCS.html"}],"nameUrl":"CodeSystem-DAKCoarseAgeRangeCS.html","title":"DAKCoarseAgeRangeCS","generation":"generated"},{"extension":[{"url":"http://hl7.org/fhir/tools/StructureDefinition/ig-page-name","valueUrl":"CodeSystem-DAKDispensingQuantityCS.html"}],"nameUrl":"CodeSystem-DAKDispensingQuantityCS.html","title":"DAKDispensingQuantityCS","generation":"generated"},{"extension":[{"url":"http://hl7.org/fhir/tools/StructureDefinition/ig-page-name","valueUrl":"CodeSystem-EnrollmentMethods.html"}],"nameUrl":"CodeSystem-EnrollmentMethods.html","title":"Enrollment Methods for HIV program","generation":"generated"},{"extension":[{"url":"http://hl7.org/fhir/tools/StructureDefinition/ig-page-name","valueUrl":"CodeSystem-DAKICD11.html"}],"nameUrl":"CodeSystem-DAKICD11.html","title":"ICD-11 codes from the HIV DAK","generation":"generated"},{"extension":[{"url":"http://hl7.org/fhir/tools/StructureDefinition/ig-page-name","valueUrl":"CodeSystem-OpenHIE.html"}],"nameUrl":"CodeSystem-OpenHIE.html","title":"OpenHIE CodeSystem","generation":"generated"},{"extension":[{"url":"http://hl7.org/fhir/tools/StructureDefinition/ig-page-name","valueUrl":"Condition-Condition-DAK-onart-art.html"}],"nameUrl":"Condition-Condition-DAK-onart-art.html","title":"Condition-DAK-onart-art","generation":"generated"},{"extension":[{"url":"http://hl7.org/fhir/tools/StructureDefinition/ig-page-name","valueUrl":"Condition-Condition-DAK-onart-hiv.html"}],"nameUrl":"Condition-Condition-DAK-onart-hiv.html","title":"Condition-DAK-onart-hiv","generation":"generated"},{"extension":[{"url":"http://hl7.org/fhir/tools/StructureDefinition/ig-page-name","valueUrl":"Condition-Condition-HIVSimple.html"}],"nameUrl":"Condition-Condition-HIVSimple.html","title":"Condition-HIVSimple","generation":"generated"},{"extension":[{"url":"http://hl7.org/fhir/tools/StructureDefinition/ig-page-name","valueUrl":"Condition-Condition-HIVSimple2.html"}],"nameUrl":"Condition-Condition-HIVSimple2.html","title":"Condition-HIVSimple2","generation":"generated"},{"extension":[{"url":"http://hl7.org/fhir/tools/StructureDefinition/ig-page-name","valueUrl":"Condition-Condition-Pregnancy.html"}],"nameUrl":"Condition-Condition-Pregnancy.html","title":"Condition-Pregnancy","generation":"generated"},{"extension":[{"url":"http://hl7.org/fhir/tools/StructureDefinition/ig-page-name","valueUrl":"Condition-Condition-Pregnancy2.html"}],"nameUrl":"Condition-Condition-Pregnancy2.html","title":"Condition-Pregnancy","generation":"generated"},{"extension":[{"url":"http://hl7.org/fhir/tools/StructureDefinition/ig-page-name","valueUrl":"Condition-Condition-PregnancyCIEL.html"}],"nameUrl":"Condition-Condition-PregnancyCIEL.html","title":"Condition-PregnancyCIEL","generation":"generated"},{"extension":[{"url":"http://hl7.org/fhir/tools/StructureDefinition/ig-page-name","valueUrl":"Location-Location-DAK.html"}],"nameUrl":"Location-Location-DAK.html","title":"DAK Location","generation":"generated"},{"extension":[{"url":"http://hl7.org/fhir/tools/StructureDefinition/ig-page-name","valueUrl":"Organization-Organization-DAK.html"}],"nameUrl":"Organization-Organization-DAK.html","title":"DAK Organization","generation":"generated"},{"extension":[{"url":"http://hl7.org/fhir/tools/StructureDefinition/ig-page-name","valueUrl":"Library-DAKConcepts.html"}],"nameUrl":"Library-DAKConcepts.html","title":"DAKConcepts","generation":"generated"},{"extension":[{"url":"http://hl7.org/fhir/tools/StructureDefinition/ig-page-name","valueUrl":"Library-DAKDataElements.html"}],"nameUrl":"Library-DAKDataElements.html","title":"DAKDataElements","generation":"generated"},{"extension":[{"url":"http://hl7.org/fhir/tools/StructureDefinition/ig-page-name","valueUrl":"Library-DAKStratifiers.html"}],"nameUrl":"Library-DAKStratifiers.html","title":"DAKStratifiers","generation":"generated"},{"extension":[{"url":"http://hl7.org/fhir/tools/StructureDefinition/ig-page-name","valueUrl":"Library-DAKTXCURRLibrary.html"}],"nameUrl":"Library-DAKTXCURRLibrary.html","title":"DAKTXCURR","generation":"generated"},{"extension":[{"url":"http://hl7.org/fhir/tools/StructureDefinition/ig-page-name","valueUrl":"Measure-DAKTXCURR.html"}],"nameUrl":"Measure-DAKTXCURR.html","title":"DAKTXCURR","generation":"generated"},{"extension":[{"url":"http://hl7.org/fhir/tools/StructureDefinition/ig-page-name","valueUrl":"Library-Debug.html"}],"nameUrl":"Library-Debug.html","title":"Debug","generation":"generated"},{"extension":[{"url":"http://hl7.org/fhir/tools/StructureDefinition/ig-page-name","valueUrl":"Patient-DeceasedBoolean.html"}],"nameUrl":"Patient-DeceasedBoolean.html","title":"DeceasedBoolean","generation":"generated"},{"extension":[{"url":"http://hl7.org/fhir/tools/StructureDefinition/ig-page-name","valueUrl":"Patient-DeceasedDateTime.html"}],"nameUrl":"Patient-DeceasedDateTime.html","title":"DeceasedDateTime","generation":"generated"},{"extension":[{"url":"http://hl7.org/fhir/tools/StructureDefinition/ig-page-name","valueUrl":"DiagnosticReport-DiagnosticReport-HIVSimple.html"}],"nameUrl":"DiagnosticReport-DiagnosticReport-HIVSimple.html","title":"DiagnosticReport-HIVSimple","generation":"generated"},{"extension":[{"url":"http://hl7.org/fhir/tools/StructureDefinition/ig-page-name","valueUrl":"DiagnosticReport-DiagnosticReport-HIVSimple2.html"}],"nameUrl":"DiagnosticReport-DiagnosticReport-HIVSimple2.html","title":"DiagnosticReport-HIVSimple2","generation":"generated"},{"extension":[{"url":"http://hl7.org/fhir/tools/StructureDefinition/ig-page-name","valueUrl":"DiagnosticReport-DiagnosticReport-ViralLoad.html"}],"nameUrl":"DiagnosticReport-DiagnosticReport-ViralLoad.html","title":"DiagnosticReport-ViralLoad","generation":"generated"},{"extension":[{"url":"http://hl7.org/fhir/tools/StructureDefinition/ig-page-name","valueUrl":"DiagnosticReport-DiagnosticReport-ViralLoad2.html"}],"nameUrl":"DiagnosticReport-DiagnosticReport-ViralLoad2.html","title":"DiagnosticReport-ViralLoad","generation":"generated"},{"extension":[{"url":"http://hl7.org/fhir/tools/StructureDefinition/ig-page-name","valueUrl":"DiagnosticReport-DiagnosticReport2-ViralLoad.html"}],"nameUrl":"DiagnosticReport-DiagnosticReport2-ViralLoad.html","title":"DiagnosticReport2-ViralLoad","generation":"generated"},{"extension":[{"url":"http://hl7.org/fhir/tools/StructureDefinition/ig-page-name","valueUrl":"Encounter-Encounter-DAK-onart.html"}],"nameUrl":"Encounter-Encounter-DAK-onart.html","title":"Encounter-DAK-onart","generation":"generated"},{"extension":[{"url":"http://hl7.org/fhir/tools/StructureDefinition/ig-page-name","valueUrl":"Encounter-Encounter-HIVSimple.html"}],"nameUrl":"Encounter-Encounter-HIVSimple.html","title":"Encounter-HIVSimple","generation":"generated"},{"extension":[{"url":"http://hl7.org/fhir/tools/StructureDefinition/ig-page-name","valueUrl":"Encounter-Encounter-HIVSimple2.html"}],"nameUrl":"Encounter-Encounter-HIVSimple2.html","title":"Encounter-HIVSimple2","generation":"generated"},{"extension":[{"url":"http://hl7.org/fhir/tools/StructureDefinition/ig-page-name","valueUrl":"Encounter-Encounter-ViralLoad.html"}],"nameUrl":"Encounter-Encounter-ViralLoad.html","title":"Encounter-ViralLoad","generation":"generated"},{"extension":[{"url":"http://hl7.org/fhir/tools/StructureDefinition/ig-page-name","valueUrl":"Encounter-Encounter-ViralLoad2.html"}],"nameUrl":"Encounter-Encounter-ViralLoad2.html","title":"Encounter-ViralLoad","generation":"generated"},{"extension":[{"url":"http://hl7.org/fhir/tools/StructureDefinition/ig-page-name","valueUrl":"Encounter-Encounter2-ViralLoad.html"}],"nameUrl":"Encounter-Encounter2-ViralLoad.html","title":"Encounter2-ViralLoad","generation":"generated"},{"extension":[{"url":"http://hl7.org/fhir/tools/StructureDefinition/ig-page-name","valueUrl":"Encounter-EncounterCIEL.html"}],"nameUrl":"Encounter-EncounterCIEL.html","title":"EncounterCIEL","generation":"generated"},{"extension":[{"url":"http://hl7.org/fhir/tools/StructureDefinition/ig-page-name","valueUrl":"Bundle-Example-DAK-onart.html"}],"nameUrl":"Bundle-Example-DAK-onart.html","title":"Example-DAK-onart","generation":"generated"},{"extension":[{"url":"http://hl7.org/fhir/tools/StructureDefinition/ig-page-name","valueUrl":"Bundle-Example-HIVSimple.html"}],"nameUrl":"Bundle-Example-HIVSimple.html","title":"Example-HIVSimple","generation":"generated"},{"extension":[{"url":"http://hl7.org/fhir/tools/StructureDefinition/ig-page-name","valueUrl":"Bundle-Example-HIVSimple2.html"}],"nameUrl":"Bundle-Example-HIVSimple2.html","title":"Example-HIVSimple2","generation":"generated"},{"extension":[{"url":"http://hl7.org/fhir/tools/StructureDefinition/ig-page-name","valueUrl":"Bundle-Example-Locations-Organizations.html"}],"nameUrl":"Bundle-Example-Locations-Organizations.html","title":"Example-Locations-Organizations","generation":"generated"},{"extension":[{"url":"http://hl7.org/fhir/tools/StructureDefinition/ig-page-name","valueUrl":"Bundle-ExampleOMRS0.html"}],"nameUrl":"Bundle-ExampleOMRS0.html","title":"Example0","generation":"generated"},{"extension":[{"url":"http://hl7.org/fhir/tools/StructureDefinition/ig-page-name","valueUrl":"Bundle-Example0.html"}],"nameUrl":"Bundle-Example0.html","title":"Example0","generation":"generated"},{"extension":[{"url":"http://hl7.org/fhir/tools/StructureDefinition/ig-page-name","valueUrl":"Bundle-ExampleCIEL.html"}],"nameUrl":"Bundle-ExampleCIEL.html","title":"ExampleCIEL","generation":"generated"},{"extension":[{"url":"http://hl7.org/fhir/tools/StructureDefinition/ig-page-name","valueUrl":"Bundle-ExampleDeceasedBoolean.html"}],"nameUrl":"Bundle-ExampleDeceasedBoolean.html","title":"ExampleDeceasedBoolean","generation":"generated"},{"extension":[{"url":"http://hl7.org/fhir/tools/StructureDefinition/ig-page-name","valueUrl":"Bundle-ExampleDeceasedDateTime.html"}],"nameUrl":"Bundle-ExampleDeceasedDateTime.html","title":"ExampleDeceasedDateTime","generation":"generated"},{"extension":[{"url":"http://hl7.org/fhir/tools/StructureDefinition/ig-page-name","valueUrl":"Library-FHIRCommon.html"}],"nameUrl":"Library-FHIRCommon.html","title":"FHIRCommon","generation":"generated"},{"extension":[{"url":"http://hl7.org/fhir/tools/StructureDefinition/ig-page-name","valueUrl":"Library-FHIRHelpers.html"}],"nameUrl":"Library-FHIRHelpers.html","title":"FHIRHelpers","generation":"generated"},{"extension":[{"url":"http://hl7.org/fhir/tools/StructureDefinition/ig-page-name","valueUrl":"Bundle-KEMRBundle.html"}],"nameUrl":"Bundle-KEMRBundle.html","title":"KEMRBundle","generation":"generated"},{"extension":[{"url":"http://hl7.org/fhir/tools/StructureDefinition/ig-page-name","valueUrl":"Measure-KEMRTXCURR.html"}],"nameUrl":"Measure-KEMRTXCURR.html","title":"KEMRTXCURR","generation":"generated"},{"extension":[{"url":"http://hl7.org/fhir/tools/StructureDefinition/ig-page-name","valueUrl":"Library-KenyaEMRConcepts.html"}],"nameUrl":"Library-KenyaEMRConcepts.html","title":"KenyaEMRConcepts","generation":"generated"},{"extension":[{"url":"http://hl7.org/fhir/tools/StructureDefinition/ig-page-name","valueUrl":"Library-KenyaEMRStratifiers.html"}],"nameUrl":"Library-KenyaEMRStratifiers.html","title":"KenyaEMRStratifiers","generation":"generated"},{"extension":[{"url":"http://hl7.org/fhir/tools/StructureDefinition/ig-page-name","valueUrl":"Library-KenyaEMRTXCURR.html"}],"nameUrl":"Library-KenyaEMRTXCURR.html","title":"KenyaEMRTXCURR","generation":"generated"},{"extension":[{"url":"http://hl7.org/fhir/tools/StructureDefinition/ig-page-name","valueUrl":"Location-a3b793f0-eb53-4cda-92ce-fe0a77106252.html"}],"nameUrl":"Location-a3b793f0-eb53-4cda-92ce-fe0a77106252.html","title":"Location Example","generation":"generated"},{"extension":[{"url":"http://hl7.org/fhir/tools/StructureDefinition/ig-page-name","valueUrl":"Location-Location-HIVSimple1.html"}],"nameUrl":"Location-Location-HIVSimple1.html","title":"Location-HIVSimple1","generation":"generated"},{"extension":[{"url":"http://hl7.org/fhir/tools/StructureDefinition/ig-page-name","valueUrl":"Location-Location-HIVSimple2.html"}],"nameUrl":"Location-Location-HIVSimple2.html","title":"Location-HIVSimple2","generation":"generated"},{"extension":[{"url":"http://hl7.org/fhir/tools/StructureDefinition/ig-page-name","valueUrl":"Location-LocationCIEL.html"}],"nameUrl":"Location-LocationCIEL.html","title":"LocationCIEL","generation":"generated"},{"extension":[{"url":"http://hl7.org/fhir/tools/StructureDefinition/ig-page-name","valueUrl":"MedicationRequest-MedicationRequest-DAK-onart.html"}],"nameUrl":"MedicationRequest-MedicationRequest-DAK-onart.html","title":"MedicationRequest-DAK-onart","generation":"generated"},{"extension":[{"url":"http://hl7.org/fhir/tools/StructureDefinition/ig-page-name","valueUrl":"Observation-Observation-DAK-onart.html"}],"nameUrl":"Observation-Observation-DAK-onart.html","title":"Observation-DAK-onart","generation":"generated"},{"extension":[{"url":"http://hl7.org/fhir/tools/StructureDefinition/ig-page-name","valueUrl":"Observation-Observation-DAK-onart-dispense.html"}],"nameUrl":"Observation-Observation-DAK-onart-dispense.html","title":"Observation-DAK-onart-dispense","generation":"generated"},{"extension":[{"url":"http://hl7.org/fhir/tools/StructureDefinition/ig-page-name","valueUrl":"Observation-Observation-HIVSimple.html"}],"nameUrl":"Observation-Observation-HIVSimple.html","title":"Observation-HIVSimple","generation":"generated"},{"extension":[{"url":"http://hl7.org/fhir/tools/StructureDefinition/ig-page-name","valueUrl":"Observation-Observation-HIVSimple2.html"}],"nameUrl":"Observation-Observation-HIVSimple2.html","title":"Observation-HIVSimple2","generation":"generated"},{"extension":[{"url":"http://hl7.org/fhir/tools/StructureDefinition/ig-page-name","valueUrl":"Observation-Observation-ViralLoad.html"}],"nameUrl":"Observation-Observation-ViralLoad.html","title":"Observation-ViralLoad","generation":"generated"},{"extension":[{"url":"http://hl7.org/fhir/tools/StructureDefinition/ig-page-name","valueUrl":"Observation-Observation-ViralLoad2.html"}],"nameUrl":"Observation-Observation-ViralLoad2.html","title":"Observation-ViralLoad","generation":"generated"},{"extension":[{"url":"http://hl7.org/fhir/tools/StructureDefinition/ig-page-name","valueUrl":"Observation-Observation2-ViralLoad.html"}],"nameUrl":"Observation-Observation2-ViralLoad.html","title":"Observation2-ViralLoad","generation":"generated"},{"extension":[{"url":"http://hl7.org/fhir/tools/StructureDefinition/ig-page-name","valueUrl":"Observation-ObservationCIEL.html"}],"nameUrl":"Observation-ObservationCIEL.html","title":"ObservationCIEL","generation":"generated"},{"extension":[{"url":"http://hl7.org/fhir/tools/StructureDefinition/ig-page-name","valueUrl":"Condition-a6867095-e2b1-4a68-9aaa-0d161a37ce9c.html"}],"nameUrl":"Condition-a6867095-e2b1-4a68-9aaa-0d161a37ce9c.html","title":"OpenMRS Condition Resource Example","generation":"generated"},{"extension":[{"url":"http://hl7.org/fhir/tools/StructureDefinition/ig-page-name","valueUrl":"DiagnosticReport-8a849d5e-6011-4279-a124-40ada5a687de.html"}],"nameUrl":"DiagnosticReport-8a849d5e-6011-4279-a124-40ada5a687de.html","title":"Openmrs DiagnosticReport","generation":"generated"},{"extension":[{"url":"http://hl7.org/fhir/tools/StructureDefinition/ig-page-name","valueUrl":"Encounter-EncounterOMRS0.html"}],"nameUrl":"Encounter-EncounterOMRS0.html","title":"OpenMRS Encounter Resource Example","generation":"generated"},{"extension":[{"url":"http://hl7.org/fhir/tools/StructureDefinition/ig-page-name","valueUrl":"Encounter-5b829d01-34bb-47d1-b1bb-9303c3a9ebcb.html"}],"nameUrl":"Encounter-5b829d01-34bb-47d1-b1bb-9303c3a9ebcb.html","title":"OpenMRS Encounter Resource Example","generation":"generated"},{"extension":[{"url":"http://hl7.org/fhir/tools/StructureDefinition/ig-page-name","valueUrl":"Observation-ObservationOMRS0.html"}],"nameUrl":"Observation-ObservationOMRS0.html","title":"OpenMRS Observation Example","generation":"generated"},{"extension":[{"url":"http://hl7.org/fhir/tools/StructureDefinition/ig-page-name","valueUrl":"Observation-example-openmrs-Observation.html"}],"nameUrl":"Observation-example-openmrs-Observation.html","title":"OpenMRS Observation Example","generation":"generated"},{"extension":[{"url":"http://hl7.org/fhir/tools/StructureDefinition/ig-page-name","valueUrl":"Patient-PatientOMRS0.html"}],"nameUrl":"Patient-PatientOMRS0.html","title":"OpenMRS Patient Example","generation":"generated"},{"extension":[{"url":"http://hl7.org/fhir/tools/StructureDefinition/ig-page-name","valueUrl":"Patient-example-openmrs-Patient.html"}],"nameUrl":"Patient-example-openmrs-Patient.html","title":"OpenMRS Patient Example","generation":"generated"},{"extension":[{"url":"http://hl7.org/fhir/tools/StructureDefinition/ig-page-name","valueUrl":"Organization-Organization-HIVSimple1.html"}],"nameUrl":"Organization-Organization-HIVSimple1.html","title":"Organization-HIVSimple1","generation":"generated"},{"extension":[{"url":"http://hl7.org/fhir/tools/StructureDefinition/ig-page-name","valueUrl":"Organization-Organization-HIVSimple2.html"}],"nameUrl":"Organization-Organization-HIVSimple2.html","title":"Organization-HIVSimple2","generation":"generated"},{"extension":[{"url":"http://hl7.org/fhir/tools/StructureDefinition/ig-page-name","valueUrl":"Organization-OrganizationCIEL.html"}],"nameUrl":"Organization-OrganizationCIEL.html","title":"OrganizationCIEL","generation":"generated"},{"extension":[{"url":"http://hl7.org/fhir/tools/StructureDefinition/ig-page-name","valueUrl":"Patient-Patient-DAK-onart.html"}],"nameUrl":"Patient-Patient-DAK-onart.html","title":"Patient-DAK-onart","generation":"generated"},{"extension":[{"url":"http://hl7.org/fhir/tools/StructureDefinition/ig-page-name","valueUrl":"Patient-Patient-HIVSimple.html"}],"nameUrl":"Patient-Patient-HIVSimple.html","title":"Patient-HIVSimple","generation":"generated"},{"extension":[{"url":"http://hl7.org/fhir/tools/StructureDefinition/ig-page-name","valueUrl":"Patient-Patient-HIVSimple2.html"}],"nameUrl":"Patient-Patient-HIVSimple2.html","title":"Patient-HIVSimple2","generation":"generated"},{"extension":[{"url":"http://hl7.org/fhir/tools/StructureDefinition/ig-page-name","valueUrl":"Patient-PatientCIEL.html"}],"nameUrl":"Patient-PatientCIEL.html","title":"PatientCIEL","generation":"generated"},{"extension":[{"url":"http://hl7.org/fhir/tools/StructureDefinition/ig-page-name","valueUrl":"Device-cqf-tooling.html"}],"nameUrl":"Device-cqf-tooling.html","title":"cqf-tooling","generation":"generated"}]}]},"parameter":[{"code":"path-resource","value":"input/resources/device"},{"code":"path-resource","value":"input/vocabulary/valueset/cqf_valuesets"},{"code":"path-resource","value":"input/capabilities"},{"code":"path-resource","value":"input/examples"},{"code":"path-resource","value":"input/extensions"},{"code":"path-resource","value":"input/models"},{"code":"path-resource","value":"input/operations"},{"code":"path-resource","value":"input/profiles"},{"code":"path-resource","value":"input/resources"},{"code":"path-resource","value":"input/vocabulary"},{"code":"path-resource","value":"input/testing"},{"code":"path-resource","value":"input/history"},{"code":"path-resource","value":"fsh-generated/resources"},{"code":"path-pages","value":"template/config"},{"code":"path-pages","value":"input/images"},{"code":"path-tx-cache","value":"input-cache/txcache"}]}}