{"resourceType":"Measure","id":"KEMRTXCURR","url":"https://path-global-health.github.io/MERindicators/Measure/KEMRTXCURR","identifier":[{"value":"KEMRTXCURR"}],"version":"0.1.0","name":"KEMRTXCURR","title":"KEMRTXCURR","status":"draft","experimental":true,"date":"2023-07-01","publisher":"PATH","contact":[{"name":"PATH","telecom":[{"system":"url","value":"https://www.path.org"},{"system":"email","value":"info@path.org"}]},{"name":"PATH","telecom":[{"system":"email","value":"info@path.org","use":"work"}]}],"description":"KEMRTXCURR","jurisdiction":[{"coding":[{"system":"http://unstats.un.org/unsd/methods/m49/m49.htm","code":"001","display":"World"}]}],"library":["https://path-global-health.github.io/MERindicators/Library/KenyaEMRTXCURR"],"scoring":{"coding":[{"system":"http://terminology.hl7.org/CodeSystem/measure-scoring","code":"continuous-variable"}]},"group":[{"population":[{"code":{"coding":[{"system":"http://terminology.hl7.org/CodeSystem/measure-population","code":"initial-population"}]},"description":"Initial Population","criteria":{"language":"text/cql","expression":"Initial Population"}},{"code":{"coding":[{"system":"http://terminology.hl7.org/CodeSystem/measure-population","code":"measure-population"}]},"description":"Measure Population","criteria":{"language":"text/cql","expression":"Measure Population"}},{"code":{"coding":[{"system":"http://terminology.hl7.org/CodeSystem/measure-population","code":"measure-population-exclusion"}]},"description":"Measure Population Exclusion","criteria":{"language":"text/cql","expression":"Measure Population Exclusion"}}],"stratifier":[{"criteria":{"language":"text/cql","expression":"Stratification"}}]}]}