{"resourceType":"Measure","id":"DAKTXCURR","url":"https://path-global-health.github.io/MERindicators/Measure/DAKTXCURR","identifier":[{"value":"MERTXCURR"}],"version":"0.1.0","name":"DAKTXCURR","title":"DAKTXCURR","status":"draft","experimental":false,"date":"2023-07-01","publisher":"PATH","contact":[{"name":"PATH","telecom":[{"system":"url","value":"https://www.path.org"},{"system":"email","value":"info@path.org"}]},{"name":"PATH","telecom":[{"system":"email","value":"info@path.org","use":"work"}]}],"description":"DAKTXCURR","jurisdiction":[{"coding":[{"system":"http://unstats.un.org/unsd/methods/m49/m49.htm","code":"001","display":"World"}]}],"library":["https://path-global-health.github.io/MERindicators/Library/DAKTXCURR"],"scoring":{"coding":[{"system":"http://terminology.hl7.org/CodeSystem/measure-scoring","code":"continuous-variable"}]},"group":[{"population":[{"extension":[{"url":"http://hl7.org/fhir/us/cqfmeasures/StructureDefinition/cqfm-populationBasis","valueCode":"boolean"}],"code":{"coding":[{"system":"http://terminology.hl7.org/CodeSystem/measure-population","code":"initial-population"}]},"description":"Initial Population","criteria":{"language":"text/cql","expression":"Initial Population"}},{"id":"measure-population","extension":[{"url":"http://hl7.org/fhir/us/cqfmeasures/StructureDefinition/cqfm-populationBasis","valueCode":"boolean"}],"code":{"coding":[{"system":"http://terminology.hl7.org/CodeSystem/measure-population","code":"measure-population"}]},"description":"Measure Population","criteria":{"language":"text/cql","expression":"Measure Population"}},{"extension":[{"url":"http://hl7.org/fhir/us/cqfmeasures/StructureDefinition/cqfm-populationBasis","valueCode":"boolean"}],"code":{"coding":[{"system":"http://terminology.hl7.org/CodeSystem/measure-population","code":"measure-population-exclusion"}]},"description":"Measure Population Exclusion","criteria":{"language":"text/cql","expression":"Measure Population Exclusion"}},{"extension":[{"url":"http://hl7.org/fhir/us/cqfmeasures/StructureDefinition/cqfm-criteriaReference","valueString":"measure-population"},{"url":"http://hl7.org/fhir/us/cqfmeasures/StructureDefinition/cqfm-aggregateMethod","valueCode":"count"}],"code":{"coding":[{"system":"http://terminology.hl7.org/CodeSystem/measure-population","code":"measure-observation"}]},"description":"Measure Observation","criteria":{"language":"text/cql","expression":"Measure Observation"}}],"stratifier":[{"criteria":{"language":"text/cql","expression":"Stratification"}},{"criteria":{"language":"text/cql","expression":"Dispense Stratification"}}]}]}