<?xml version="1.0" encoding="UTF-8"?>

<Bundle xmlns="http://hl7.org/fhir">
  <id value="ExampleDeceasedBoolean"/>
  <type value="transaction"/>
  <entry>
    <fullUrl value="https://path-global-health.github.io/MERindicators/Patient/DeceasedBoolean"/>
    <resource>
      <Patient>
        <id value="DeceasedBoolean"/>
        <text>
          <status value="generated"/><div xmlns="http://www.w3.org/1999/xhtml"><p><b>Generated Narrative: Patient</b><a name="DeceasedBoolean"> </a></p><div style="display: inline-block; background-color: #d9e0e7; padding: 6px; margin: 4px; border: 1px solid #8da1b4; border-radius: 5px; line-height: 60%"><p style="margin-bottom: 0px">Resource Patient &quot;DeceasedBoolean&quot; </p></div><p><b>active</b>: true</p><p><b>name</b>: Sandy Notsowell (OFFICIAL)</p><p><b>gender</b>: female</p><p><b>birthDate</b>: 1982-08-02</p><p><b>deceased</b>: true</p></div>
        </text>
        <active value="true"/>
        <name>
          <use value="official"/>
          <family value="Notsowell"/>
          <given value="Sandy"/>
        </name>
        <gender value="female"/>
        <birthDate value="1982-08-02"/>
        <deceasedBoolean value="true"/>
      </Patient>
    </resource>
    <request>
      <method value="PUT"/>
      <url value="Patient/DeceasedBoolean"/>
    </request>
  </entry>
</Bundle>