<?xml version="1.0" encoding="UTF-8"?>

<Location xmlns="http://hl7.org/fhir">
  <id value="Location-HIVSimple2"/>
  <text>
    <status value="generated"/><div xmlns="http://www.w3.org/1999/xhtml"><p><b>Generated Narrative: Location</b><a name="Location-HIVSimple2"> </a></p><div style="display: inline-block; background-color: #d9e0e7; padding: 6px; margin: 4px; border: 1px solid #8da1b4; border-radius: 5px; line-height: 60%"><p style="margin-bottom: 0px">Resource Location &quot;Location-HIVSimple2&quot; </p></div><p><b>identifier</b>: id: Location-HIVSimple2</p><p><b>managingOrganization</b>: <span>id: Organization-HIVSimple2</span></p></div>
  </text>
  <identifier>
    <system value="https://github.com/synthetichealth/synthea"/>
    <value value="Location-HIVSimple2"/>
  </identifier>
  <managingOrganization>
    <identifier>
      <system value="https://github.com/synthetichealth/synthea"/>
      <value value="Organization-HIVSimple2"/>
    </identifier>
  </managingOrganization>
</Location>