<?xml version="1.0" encoding="UTF-8"?>

<Observation xmlns="http://hl7.org/fhir">
  <id value="Observation-DAK-onart"/>
  <text>
    <status value="generated"/><div xmlns="http://www.w3.org/1999/xhtml"><p><b>Generated Narrative: Observation</b><a name="Observation-DAK-onart"> </a></p><div style="display: inline-block; background-color: #d9e0e7; padding: 6px; margin: 4px; border: 1px solid #8da1b4; border-radius: 5px; line-height: 60%"><p style="margin-bottom: 0px">Resource Observation &quot;Observation-DAK-onart&quot; </p></div><p><b>status</b>: final</p><p><b>code</b>: Drug prophylaxis (procedure) <span style="background: LightGoldenRodYellow; margin: 4px; border: 1px solid khaki"> (<a href="https://browser.ihtsdotools.org/">SNOMED CT</a>#182929008)</span></p><p><b>subject</b>: <a href="Patient-Patient-DAK-onart.html">Patient/Patient-DAK-onart</a> &quot; CAT&quot;</p><p><b>encounter</b>: <a href="Encounter-Encounter-DAK-onart.html">Encounter/Encounter-DAK-onart</a></p><p><b>effective</b>: 2023-07-03</p><p><b>value</b>: true</p></div>
  </text>
  <status value="final"/>
  <code>
    <coding>
      <system value="http://snomed.info/sct"/>
      <code value="182929008"/>
      <display value="Drug prophylaxis (procedure)"/>
    </coding>
  </code>
  <subject>
    <reference value="Patient/Patient-DAK-onart"/>
  </subject>
  <encounter>
    <reference value="Encounter/Encounter-DAK-onart"/>
  </encounter>
  <effectiveDateTime value="2023-07-03"/>
  <valueBoolean value="true"/>
</Observation>