<?xml version="1.0" encoding="UTF-8"?>

<Observation xmlns="http://hl7.org/fhir">
  <id value="ObservationCIEL"/>
  <text>
    <status value="generated"/><div xmlns="http://www.w3.org/1999/xhtml"><p><b>Generated Narrative: Observation</b><a name="ObservationCIEL"> </a></p><div style="display: inline-block; background-color: #d9e0e7; padding: 6px; margin: 4px; border: 1px solid #8da1b4; border-radius: 5px; line-height: 60%"><p style="margin-bottom: 0px">Resource Observation &quot;ObservationCIEL&quot; </p></div><p><b>status</b>: final</p><p><b>code</b>: CURRENTLY TAKING ARV <span style="background: LightGoldenRodYellow; margin: 4px; border: 1px solid khaki"> (<a href="CodeSystem-CIEL.html">CIEL</a>#160119)</span></p><p><b>subject</b>: <a href="Patient-PatientCIEL.html">Patient/PatientCIEL</a> &quot; CAT&quot;</p><p><b>value</b>: YES <span style="background: LightGoldenRodYellow; margin: 4px; border: 1px solid khaki"> (<a href="CodeSystem-CIEL.html">CIEL</a>#1065)</span></p></div>
  </text>
  <status value="final"/>
  <code>
    <coding>
      <system value="https://openconceptlab.org/orgs/CIEL/sources/CIEL"/>
      <code value="160119"/>
      <display value="CURRENTLY TAKING ARV"/>
    </coding>
  </code>
  <subject>
    <reference value="Patient/PatientCIEL"/>
  </subject>
  <valueCodeableConcept>
    <coding>
      <system value="https://openconceptlab.org/orgs/CIEL/sources/CIEL"/>
      <code value="1065"/>
      <display value="YES"/>
    </coding>
  </valueCodeableConcept>
</Observation>