<?xml version="1.0" encoding="UTF-8"?>

<Observation xmlns="http://hl7.org/fhir">
  <id value="ObservationOMRS0"/>
  <meta>
    <profile value="http://fhir.openmrs.org/core/StructureDefinition/OpenMRS-observation"/>
  </meta>
  <text>
    <status value="generated"/><div xmlns="http://www.w3.org/1999/xhtml"><p><b>Generated Narrative: Observation</b><a name="ObservationOMRS0"> </a></p><div style="display: inline-block; background-color: #d9e0e7; padding: 6px; margin: 4px; border: 1px solid #8da1b4; border-radius: 5px; line-height: 60%"><p style="margin-bottom: 0px">Resource Observation &quot;ObservationOMRS0&quot; </p><p style="margin-bottom: 0px">Profile: <a href="https://build.fhir.org/ig/mherman22/openmrs-contrib-fhir2-ig//StructureDefinition-OpenMRS-observation.html">OpenMRS Observation</a></p></div><p><b>status</b>: final</p><p><b>category</b>: Exam <span style="background: LightGoldenRodYellow; margin: 4px; border: 1px solid khaki"> (<a href="http://terminology.hl7.org/5.2.0/CodeSystem-observation-category.html">Observation Category Codes</a>#exam)</span></p><p><b>code</b>: Currently taking ARV <span style="background: LightGoldenRodYellow; margin: 4px; border: 1px solid khaki"> (<a href="CodeSystem-CIEL.html">CIEL</a>#160119)</span></p><p><b>subject</b>: <a href="Patient-PatientOMRS0.html">Patient/PatientOMRS0</a> &quot; JEANNETTE&quot;</p><p><b>encounter</b>: <a href="Encounter-5b829d01-34bb-47d1-b1bb-9303c3a9ebcb.html">Encounter/5b829d01-34bb-47d1-b1bb-9303c3a9ebcb</a></p><p><b>value</b>: Yes <span style="background: LightGoldenRodYellow; margin: 4px; border: 1px solid khaki"> (<a href="CodeSystem-CIEL.html">CIEL</a>#1065)</span></p></div>
  </text>
  <status value="final"/>
  <category>
    <coding>
      <system value="http://terminology.hl7.org/CodeSystem/observation-category"/>
      <code value="exam"/>
    </coding>
  </category>
  <code>
    <coding>
      <system value="https://openconceptlab.org/orgs/CIEL/sources/CIEL"/>
      <code value="160119"/>
      <display value="Currently taking ARV"/>
    </coding>
    <text value="Currently taking ARV"/>
  </code>
  <subject>
    <reference value="Patient/PatientOMRS0"/>
  </subject>
  <encounter>
    <reference value="Encounter/5b829d01-34bb-47d1-b1bb-9303c3a9ebcb"/>
  </encounter>
  <valueCodeableConcept>
    <coding>
      <system value="https://openconceptlab.org/orgs/CIEL/sources/CIEL"/>
      <code value="1065"/>
      <display value="Yes"/>
    </coding>
  </valueCodeableConcept>
</Observation>