<?xml version="1.0" encoding="UTF-8"?>

<Patient xmlns="http://hl7.org/fhir">
  <id value="DeceasedBoolean"/>
  <text>
    <status value="generated"/><div xmlns="http://www.w3.org/1999/xhtml"><p style="border: 1px #661aff solid; background-color: #e6e6ff; padding: 10px;"><b>Sandy Notsowell (OFFICIAL)</b> female, DoB: 1982-08-02</p><hr/><table class="grid"><tr><td style="background-color: #f3f5da" title="Record is active">Active:</td><td>true</td><td style="background-color: #f3f5da" title="Known status of Patient">Deceased:</td><td colspan="3">true</td></tr></table></div>
  </text>
  <active value="true"/>
  <name>
    <use value="official"/>
    <family value="Notsowell"/>
    <given value="Sandy"/>
  </name>
  <gender value="female"/>
  <birthDate value="1982-08-02"/>
  <deceasedBoolean value="true"/>
</Patient>