<?xml version="1.0" encoding="UTF-8"?>

<CodeSystem xmlns="http://hl7.org/fhir">
  <id value="DAKCoarseAgeRangeCS"/>
  <text>
    <status value="generated"/><div xmlns="http://www.w3.org/1999/xhtml"><p>This case-insensitive code system <code>https://path-global-health.github.io/MERindicators/CodeSystem/DAKCoarseAgeRangeCS</code> defines the following codes:</p><table class="codes"><tr><td style="white-space:nowrap"><b>Code</b></td><td><b>Display</b></td></tr><tr><td style="white-space:nowrap">lt15<a name="DAKCoarseAgeRangeCS-lt15"> </a></td><td>&lt;15</td></tr><tr><td style="white-space:nowrap">gt15<a name="DAKCoarseAgeRangeCS-gt15"> </a></td><td>15+</td></tr></table></div>
  </text>
  <url value="https://path-global-health.github.io/MERindicators/CodeSystem/DAKCoarseAgeRangeCS"/>
  <version value="0.1.0"/>
  <name value="DAKCoarseAgeRangeCS"/>
  <title value="DAKCoarseAgeRangeCS"/>
  <status value="draft"/>
  <experimental value="true"/>
  <date value="2023-10-19T20:59:19+00:00"/>
  <publisher value="PATH"/>
  <contact>
    <name value="PATH"/>
    <telecom>
      <system value="url"/>
      <value value="https://www.path.org"/>
    </telecom>
    <telecom>
      <system value="email"/>
      <value value="info@path.org"/>
    </telecom>
  </contact>
  <contact>
    <name value="PATH"/>
    <telecom>
      <system value="email"/>
      <value value="info@path.org"/>
      <use value="work"/>
    </telecom>
  </contact>
  <description value="DAKCoarseAgeRangeCS"/>
  <jurisdiction>
    <coding>
      <system value="http://unstats.un.org/unsd/methods/m49/m49.htm"/>
      <code value="001"/>
      <display value="World"/>
    </coding>
  </jurisdiction>
  <caseSensitive value="false"/>
  <content value="complete"/>
  <count value="2"/>
  <concept>
    <code value="lt15"/>
    <display value="&lt;15"/>
  </concept>
  <concept>
    <code value="gt15"/>
    <display value="15+"/>
  </concept>
</CodeSystem>