<?xml version="1.0" encoding="UTF-8"?>

<Encounter xmlns="http://hl7.org/fhir">
  <id value="Encounter-DAK-onart"/>
  <text>
    <status value="generated"/><div xmlns="http://www.w3.org/1999/xhtml"><p><b>Generated Narrative: Encounter</b><a name="Encounter-DAK-onart"> </a></p><div style="display: inline-block; background-color: #d9e0e7; padding: 6px; margin: 4px; border: 1px solid #8da1b4; border-radius: 5px; line-height: 60%"><p style="margin-bottom: 0px">Resource Encounter &quot;Encounter-DAK-onart&quot; </p></div><p><b>status</b>: finished</p><p><b>class</b>: inpatient acute (Details: http://terminology.hl7.org/CodeSystem/v3-ActCode code ACUTE = 'inpatient acute', stated as 'null')</p><p><b>subject</b>: <a href="Patient-Patient-DAK-onart.html">Patient/Patient-DAK-onart</a> &quot; CAT&quot;</p><p><b>period</b>: 2023-07-03 --&gt; 2023-07-03</p><h3>Locations</h3><table class="grid"><tr><td style="display: none">-</td><td><b>Location</b></td></tr><tr><td style="display: none">*</td><td><a href="Location-Location-DAK.html">Location/Location-DAK</a> &quot;DAK Location&quot;</td></tr></table><p><b>serviceProvider</b>: <a href="Organization-Organization-DAK.html">Organization/Organization-DAK</a> &quot;DAK Organization&quot;</p></div>
  </text>
  <status value="finished"/>
  <class>
    <system value="http://terminology.hl7.org/CodeSystem/v3-ActCode"/>
    <code value="ACUTE"/>
  </class>
  <subject>
    <reference value="Patient/Patient-DAK-onart"/>
  </subject>
  <period>
    <start value="2023-07-03"/>
    <end value="2023-07-03"/>
  </period>
  <location>
    <location>
      <reference value="Location/Location-DAK"/>
    </location>
  </location>
  <serviceProvider>
    <reference value="Organization/Organization-DAK"/>
  </serviceProvider>
</Encounter>