<?xml version="1.0" encoding="UTF-8"?>
<library xmlns="urn:hl7-org:elm:r1" xmlns:t="urn:hl7-org:elm-types:r1" xmlns:xsi="http://www.w3.org/2001/XMLSchema-instance" xmlns:xsd="http://www.w3.org/2001/XMLSchema" xmlns:fhir="http://hl7.org/fhir" xmlns:qdm43="urn:healthit-gov:qdm:v4_3" xmlns:qdm53="urn:healthit-gov:qdm:v5_3" xmlns:a="urn:hl7-org:cql-annotations:r1">
   <annotation translatorOptions="EnableAnnotations,EnableLocators,EnableResultTypes,DisableListDemotion,DisableListPromotion" xsi:type="a:CqlToElmInfo"/>
   <annotation xsi:type="a:Annotation">
      <a:s r="223">
         <a:s>library KenyaEMRStratifiers version '0.1.0'</a:s>
      </a:s>
   </annotation>
   <identifier id="KenyaEMRStratifiers" system="https://path-global-health.github.io/MERindicators" version="0.1.0"/>
   <schemaIdentifier id="urn:hl7-org:elm" version="r1"/>
   <usings>
      <def localIdentifier="System" uri="urn:hl7-org:elm-types:r1"/>
      <def localId="1" locator="3:1-3:26" localIdentifier="FHIR" uri="http://hl7.org/fhir" version="4.0.1">
         <annotation xsi:type="a:Annotation">
            <a:s r="1">
               <a:s>using </a:s>
               <a:s>
                  <a:s>FHIR</a:s>
               </a:s>
               <a:s> version '4.0.1'</a:s>
            </a:s>
         </annotation>
      </def>
   </usings>
   <includes>
      <def localId="2" locator="5:1-5:35" localIdentifier="FHIRHelpers" path="https://path-global-health.github.io/MERindicators/FHIRHelpers" version="4.0.1">
         <annotation xsi:type="a:Annotation">
            <a:s r="2">
               <a:s>include </a:s>
               <a:s>
                  <a:s>FHIRHelpers</a:s>
               </a:s>
               <a:s> version '4.0.1'</a:s>
            </a:s>
         </annotation>
      </def>
      <def localId="3" locator="6:1-6:44" localIdentifier="FC" path="https://path-global-health.github.io/MERindicators/FHIRCommon" version="4.0.1">
         <annotation xsi:type="a:Annotation">
            <a:s r="3">
               <a:s>include </a:s>
               <a:s>
                  <a:s>FHIRCommon</a:s>
               </a:s>
               <a:s> version '4.0.1' called FC</a:s>
            </a:s>
         </annotation>
      </def>
      <def localId="4" locator="8:1-8:34" localIdentifier="Cx" path="https://path-global-health.github.io/MERindicators/KenyaEMRConcepts">
         <annotation xsi:type="a:Annotation">
            <a:s r="4">
               <a:s>include </a:s>
               <a:s>
                  <a:s>KenyaEMRConcepts</a:s>
               </a:s>
               <a:s> called Cx</a:s>
            </a:s>
         </annotation>
      </def>
   </includes>
   <parameters>
      <def localId="23" locator="20:1-20:114" name="Measurement Period" accessLevel="Public">
         <annotation xsi:type="a:Annotation">
            <a:s r="23">
               <a:s>parameter &quot;Measurement Period&quot; </a:s>
               <a:s r="22">
                  <a:s>Interval&lt;</a:s>
                  <a:s r="21">
                     <a:s>DateTime</a:s>
                  </a:s>
                  <a:s>></a:s>
               </a:s>
               <a:s> default </a:s>
               <a:s r="20">
                  <a:s r="18">Interval[@2023-04-01T00:00:00.0, @2023-06-30T00:00:00.0]</a:s>
               </a:s>
            </a:s>
         </annotation>
         <resultTypeSpecifier xsi:type="IntervalTypeSpecifier">
            <pointType name="t:DateTime" xsi:type="NamedTypeSpecifier"/>
         </resultTypeSpecifier>
         <default localId="20" locator="20:59-20:114" lowClosed="true" highClosed="true" xsi:type="Interval">
            <resultTypeSpecifier xsi:type="IntervalTypeSpecifier">
               <pointType name="t:DateTime" xsi:type="NamedTypeSpecifier"/>
            </resultTypeSpecifier>
            <low localId="18" locator="20:68-20:89" resultTypeName="t:DateTime" xsi:type="DateTime">
               <year valueType="t:Integer" value="2023" xsi:type="Literal"/>
               <month valueType="t:Integer" value="4" xsi:type="Literal"/>
               <day valueType="t:Integer" value="1" xsi:type="Literal"/>
               <hour valueType="t:Integer" value="0" xsi:type="Literal"/>
               <minute valueType="t:Integer" value="0" xsi:type="Literal"/>
               <second valueType="t:Integer" value="0" xsi:type="Literal"/>
               <millisecond valueType="t:Integer" value="0" xsi:type="Literal"/>
            </low>
            <high localId="19" locator="20:92-20:113" resultTypeName="t:DateTime" xsi:type="DateTime">
               <year valueType="t:Integer" value="2023" xsi:type="Literal"/>
               <month valueType="t:Integer" value="6" xsi:type="Literal"/>
               <day valueType="t:Integer" value="30" xsi:type="Literal"/>
               <hour valueType="t:Integer" value="0" xsi:type="Literal"/>
               <minute valueType="t:Integer" value="0" xsi:type="Literal"/>
               <second valueType="t:Integer" value="0" xsi:type="Literal"/>
               <millisecond valueType="t:Integer" value="0" xsi:type="Literal"/>
            </high>
         </default>
         <parameterTypeSpecifier localId="22" locator="20:32-20:49" xsi:type="IntervalTypeSpecifier">
            <resultTypeSpecifier xsi:type="IntervalTypeSpecifier">
               <pointType name="t:DateTime" xsi:type="NamedTypeSpecifier"/>
            </resultTypeSpecifier>
            <pointType localId="21" locator="20:41-20:48" resultTypeName="t:DateTime" name="t:DateTime" xsi:type="NamedTypeSpecifier"/>
         </parameterTypeSpecifier>
      </def>
   </parameters>
   <codeSystems>
      <def localId="5" locator="11:1-11:68" resultTypeName="t:CodeSystem" name="KEMR Periods" id="http://ohie.org/CodeSystem/kemr-periods" accessLevel="Public">
         <annotation xsi:type="a:Annotation">
            <a:s r="5">
               <a:s>codesystem &quot;KEMR Periods&quot;: 'http://ohie.org/CodeSystem/kemr-periods'</a:s>
            </a:s>
         </annotation>
      </def>
   </codeSystems>
   <codes>
      <def localId="7" locator="12:1-12:48" resultTypeName="t:Code" name="&lt;1" id="&lt;1" display="&lt;1" accessLevel="Public">
         <annotation xsi:type="a:Annotation">
            <a:s r="7">
               <a:s>code &quot;&lt;1&quot;: '&lt;1' from </a:s>
               <a:s r="6">
                  <a:s>&quot;KEMR Periods&quot;</a:s>
               </a:s>
               <a:s> display '&lt;1'</a:s>
            </a:s>
         </annotation>
         <codeSystem localId="6" locator="12:22-12:35" resultTypeName="t:CodeSystem" name="KEMR Periods"/>
      </def>
      <def localId="9" locator="13:1-13:51" resultTypeName="t:Code" name="1-9" id="1-9" display="1-9" accessLevel="Public">
         <annotation xsi:type="a:Annotation">
            <a:s r="9">
               <a:s>code &quot;1-9&quot;: '1-9' from </a:s>
               <a:s r="8">
                  <a:s>&quot;KEMR Periods&quot;</a:s>
               </a:s>
               <a:s> display '1-9'</a:s>
            </a:s>
         </annotation>
         <codeSystem localId="8" locator="13:24-13:37" resultTypeName="t:CodeSystem" name="KEMR Periods"/>
      </def>
      <def localId="11" locator="14:1-14:57" resultTypeName="t:Code" name="10-14" id="10-14" display="10-14" accessLevel="Public">
         <annotation xsi:type="a:Annotation">
            <a:s r="11">
               <a:s>code &quot;10-14&quot;: '10-14' from </a:s>
               <a:s r="10">
                  <a:s>&quot;KEMR Periods&quot;</a:s>
               </a:s>
               <a:s> display '10-14'</a:s>
            </a:s>
         </annotation>
         <codeSystem localId="10" locator="14:28-14:41" resultTypeName="t:CodeSystem" name="KEMR Periods"/>
      </def>
      <def localId="13" locator="15:1-15:57" resultTypeName="t:Code" name="15-19" id="15-19" display="15-19" accessLevel="Public">
         <annotation xsi:type="a:Annotation">
            <a:s r="13">
               <a:s>code &quot;15-19&quot;: '15-19' from </a:s>
               <a:s r="12">
                  <a:s>&quot;KEMR Periods&quot;</a:s>
               </a:s>
               <a:s> display '15-19'</a:s>
            </a:s>
         </annotation>
         <codeSystem localId="12" locator="15:28-15:41" resultTypeName="t:CodeSystem" name="KEMR Periods"/>
      </def>
      <def localId="15" locator="16:1-16:57" resultTypeName="t:Code" name="20-24" id="20-24" display="20-24" accessLevel="Public">
         <annotation xsi:type="a:Annotation">
            <a:s r="15">
               <a:s>code &quot;20-24&quot;: '20-24' from </a:s>
               <a:s r="14">
                  <a:s>&quot;KEMR Periods&quot;</a:s>
               </a:s>
               <a:s> display '20-24'</a:s>
            </a:s>
         </annotation>
         <codeSystem localId="14" locator="16:28-16:41" resultTypeName="t:CodeSystem" name="KEMR Periods"/>
      </def>
      <def localId="17" locator="17:1-17:51" resultTypeName="t:Code" name="25+" id="25+" display="25+" accessLevel="Public">
         <annotation xsi:type="a:Annotation">
            <a:s r="17">
               <a:s>code &quot;25+&quot;: '25+' from </a:s>
               <a:s r="16">
                  <a:s>&quot;KEMR Periods&quot;</a:s>
               </a:s>
               <a:s> display '25+'</a:s>
            </a:s>
         </annotation>
         <codeSystem localId="16" locator="17:24-17:37" resultTypeName="t:CodeSystem" name="KEMR Periods"/>
      </def>
   </codes>
   <contexts>
      <def locator="23:1-23:15" name="Patient"/>
   </contexts>
   <statements>
      <def locator="23:1-23:15" name="Patient" context="Patient">
         <expression xsi:type="SingletonFrom">
            <operand locator="23:1-23:15" dataType="fhir:Patient" templateId="http://hl7.org/fhir/StructureDefinition/Patient" xsi:type="Retrieve"/>
         </expression>
      </def>
      <def localId="27" locator="26:1-27:22" resultTypeName="t:String" name="Sex" context="Patient" accessLevel="Public">
         <annotation xsi:type="a:Annotation">
            <a:s r="27">
               <a:s>define &quot;Sex&quot;:
  </a:s>
               <a:s r="26">
                  <a:s r="25">
                     <a:s r="24">
                        <a:s>Patient</a:s>
                     </a:s>
                     <a:s>.</a:s>
                     <a:s r="25">
                        <a:s>gender</a:s>
                     </a:s>
                  </a:s>
                  <a:s>.</a:s>
                  <a:s r="26">
                     <a:s>value</a:s>
                  </a:s>
               </a:s>
            </a:s>
         </annotation>
         <expression localId="26" locator="27:3-27:22" resultTypeName="t:String" path="value" xsi:type="Property">
            <source localId="25" locator="27:3-27:16" resultTypeName="fhir:AdministrativeGender" path="gender" xsi:type="Property">
               <source localId="24" locator="27:3-27:9" resultTypeName="fhir:Patient" name="Patient" xsi:type="ExpressionRef"/>
            </source>
         </expression>
      </def>
      <def localId="84" locator="30:1-39:5" resultTypeName="t:Code" name="Age Group" context="Patient" accessLevel="Public">
         <annotation xsi:type="a:Annotation">
            <a:s r="84">
               <a:s>define &quot;Age Group&quot;:
  </a:s>
               <a:s r="83">
                  <a:s>case
    </a:s>
                  <a:s r="36">
                     <a:s>when </a:s>
                     <a:s r="34">
                        <a:s r="30">
                           <a:s>AgeInYearsAt(</a:s>
                           <a:s r="29">
                              <a:s>start of </a:s>
                              <a:s r="28">
                                 <a:s>&quot;Measurement Period&quot;</a:s>
                              </a:s>
                           </a:s>
                           <a:s>)</a:s>
                        </a:s>
                        <a:s> in </a:s>
                        <a:s r="33">
                           <a:s r="31">Interval[0, 1)</a:s>
                        </a:s>
                     </a:s>
                     <a:s> then </a:s>
                     <a:s r="35">
                        <a:s>&quot;&lt;1&quot;</a:s>
                     </a:s>
                  </a:s>
                  <a:s>
    </a:s>
                  <a:s r="45">
                     <a:s>when </a:s>
                     <a:s r="43">
                        <a:s r="39">
                           <a:s>AgeInYearsAt(</a:s>
                           <a:s r="38">
                              <a:s>start of </a:s>
                              <a:s r="37">
                                 <a:s>&quot;Measurement Period&quot;</a:s>
                              </a:s>
                           </a:s>
                           <a:s>)</a:s>
                        </a:s>
                        <a:s> in </a:s>
                        <a:s r="42">
                           <a:s r="40">Interval[1, 9)</a:s>
                        </a:s>
                     </a:s>
                     <a:s> then </a:s>
                     <a:s r="44">
                        <a:s>&quot;1-9&quot;</a:s>
                     </a:s>
                  </a:s>
                  <a:s>
    </a:s>
                  <a:s r="54">
                     <a:s>when </a:s>
                     <a:s r="52">
                        <a:s r="48">
                           <a:s>AgeInYearsAt(</a:s>
                           <a:s r="47">
                              <a:s>start of </a:s>
                              <a:s r="46">
                                 <a:s>&quot;Measurement Period&quot;</a:s>
                              </a:s>
                           </a:s>
                           <a:s>)</a:s>
                        </a:s>
                        <a:s> in </a:s>
                        <a:s r="51">
                           <a:s r="49">Interval[10, 14)</a:s>
                        </a:s>
                     </a:s>
                     <a:s> then </a:s>
                     <a:s r="53">
                        <a:s>&quot;10-14&quot;</a:s>
                     </a:s>
                  </a:s>
                  <a:s>
    </a:s>
                  <a:s r="63">
                     <a:s>when </a:s>
                     <a:s r="61">
                        <a:s r="57">
                           <a:s>AgeInYearsAt(</a:s>
                           <a:s r="56">
                              <a:s>start of </a:s>
                              <a:s r="55">
                                 <a:s>&quot;Measurement Period&quot;</a:s>
                              </a:s>
                           </a:s>
                           <a:s>)</a:s>
                        </a:s>
                        <a:s> in </a:s>
                        <a:s r="60">
                           <a:s r="58">Interval[15, 19)</a:s>
                        </a:s>
                     </a:s>
                     <a:s> then </a:s>
                     <a:s r="62">
                        <a:s>&quot;15-19&quot;</a:s>
                     </a:s>
                  </a:s>
                  <a:s>
    </a:s>
                  <a:s r="72">
                     <a:s>when </a:s>
                     <a:s r="70">
                        <a:s r="66">
                           <a:s>AgeInYearsAt(</a:s>
                           <a:s r="65">
                              <a:s>start of </a:s>
                              <a:s r="64">
                                 <a:s>&quot;Measurement Period&quot;</a:s>
                              </a:s>
                           </a:s>
                           <a:s>)</a:s>
                        </a:s>
                        <a:s> in </a:s>
                        <a:s r="69">
                           <a:s r="67">Interval[20, 24)</a:s>
                        </a:s>
                     </a:s>
                     <a:s> then </a:s>
                     <a:s r="71">
                        <a:s>&quot;20-24&quot;</a:s>
                     </a:s>
                  </a:s>
                  <a:s>
    </a:s>
                  <a:s r="81">
                     <a:s>when </a:s>
                     <a:s r="79">
                        <a:s r="75">
                           <a:s>AgeInYearsAt(</a:s>
                           <a:s r="74">
                              <a:s>start of </a:s>
                              <a:s r="73">
                                 <a:s>&quot;Measurement Period&quot;</a:s>
                              </a:s>
                           </a:s>
                           <a:s>)</a:s>
                        </a:s>
                        <a:s> in </a:s>
                        <a:s r="78">
                           <a:s r="76">Interval[25, null]</a:s>
                        </a:s>
                     </a:s>
                     <a:s> then </a:s>
                     <a:s r="80">
                        <a:s>&quot;25+&quot;</a:s>
                     </a:s>
                  </a:s>
                  <a:s r="82">
    else null
  end</a:s>
               </a:s>
            </a:s>
         </annotation>
         <expression localId="83" locator="31:3-39:5" resultTypeName="t:Code" xsi:type="Case">
            <caseItem localId="36" locator="32:5-32:80">
               <when localId="34" locator="32:10-32:70" resultTypeName="t:Boolean" xsi:type="In">
                  <operand localId="30" locator="32:10-32:52" resultTypeName="t:Integer" precision="Year" xsi:type="CalculateAgeAt">
                     <operand xsi:type="ToDateTime">
                        <operand path="birthDate.value" xsi:type="Property">
                           <source name="Patient" xsi:type="ExpressionRef"/>
                        </operand>
                     </operand>
                     <operand localId="29" locator="32:23-32:51" resultTypeName="t:DateTime" xsi:type="Start">
                        <operand localId="28" locator="32:32-32:51" name="Measurement Period" xsi:type="ParameterRef">
                           <resultTypeSpecifier xsi:type="IntervalTypeSpecifier">
                              <pointType name="t:DateTime" xsi:type="NamedTypeSpecifier"/>
                           </resultTypeSpecifier>
                        </operand>
                     </operand>
                  </operand>
                  <operand localId="33" locator="32:57-32:70" lowClosed="true" highClosed="false" xsi:type="Interval">
                     <resultTypeSpecifier xsi:type="IntervalTypeSpecifier">
                        <pointType name="t:Integer" xsi:type="NamedTypeSpecifier"/>
                     </resultTypeSpecifier>
                     <low localId="31" locator="32:66" resultTypeName="t:Integer" valueType="t:Integer" value="0" xsi:type="Literal"/>
                     <high localId="32" locator="32:69" resultTypeName="t:Integer" valueType="t:Integer" value="1" xsi:type="Literal"/>
                  </operand>
               </when>
               <then localId="35" locator="32:77-32:80" resultTypeName="t:Code" name="&lt;1" xsi:type="CodeRef"/>
            </caseItem>
            <caseItem localId="45" locator="33:5-33:81">
               <when localId="43" locator="33:10-33:70" resultTypeName="t:Boolean" xsi:type="In">
                  <operand localId="39" locator="33:10-33:52" resultTypeName="t:Integer" precision="Year" xsi:type="CalculateAgeAt">
                     <operand xsi:type="ToDateTime">
                        <operand path="birthDate.value" xsi:type="Property">
                           <source name="Patient" xsi:type="ExpressionRef"/>
                        </operand>
                     </operand>
                     <operand localId="38" locator="33:23-33:51" resultTypeName="t:DateTime" xsi:type="Start">
                        <operand localId="37" locator="33:32-33:51" name="Measurement Period" xsi:type="ParameterRef">
                           <resultTypeSpecifier xsi:type="IntervalTypeSpecifier">
                              <pointType name="t:DateTime" xsi:type="NamedTypeSpecifier"/>
                           </resultTypeSpecifier>
                        </operand>
                     </operand>
                  </operand>
                  <operand localId="42" locator="33:57-33:70" lowClosed="true" highClosed="false" xsi:type="Interval">
                     <resultTypeSpecifier xsi:type="IntervalTypeSpecifier">
                        <pointType name="t:Integer" xsi:type="NamedTypeSpecifier"/>
                     </resultTypeSpecifier>
                     <low localId="40" locator="33:66" resultTypeName="t:Integer" valueType="t:Integer" value="1" xsi:type="Literal"/>
                     <high localId="41" locator="33:69" resultTypeName="t:Integer" valueType="t:Integer" value="9" xsi:type="Literal"/>
                  </operand>
               </when>
               <then localId="44" locator="33:77-33:81" resultTypeName="t:Code" name="1-9" xsi:type="CodeRef"/>
            </caseItem>
            <caseItem localId="54" locator="34:5-34:85">
               <when localId="52" locator="34:10-34:72" resultTypeName="t:Boolean" xsi:type="In">
                  <operand localId="48" locator="34:10-34:52" resultTypeName="t:Integer" precision="Year" xsi:type="CalculateAgeAt">
                     <operand xsi:type="ToDateTime">
                        <operand path="birthDate.value" xsi:type="Property">
                           <source name="Patient" xsi:type="ExpressionRef"/>
                        </operand>
                     </operand>
                     <operand localId="47" locator="34:23-34:51" resultTypeName="t:DateTime" xsi:type="Start">
                        <operand localId="46" locator="34:32-34:51" name="Measurement Period" xsi:type="ParameterRef">
                           <resultTypeSpecifier xsi:type="IntervalTypeSpecifier">
                              <pointType name="t:DateTime" xsi:type="NamedTypeSpecifier"/>
                           </resultTypeSpecifier>
                        </operand>
                     </operand>
                  </operand>
                  <operand localId="51" locator="34:57-34:72" lowClosed="true" highClosed="false" xsi:type="Interval">
                     <resultTypeSpecifier xsi:type="IntervalTypeSpecifier">
                        <pointType name="t:Integer" xsi:type="NamedTypeSpecifier"/>
                     </resultTypeSpecifier>
                     <low localId="49" locator="34:66-34:67" resultTypeName="t:Integer" valueType="t:Integer" value="10" xsi:type="Literal"/>
                     <high localId="50" locator="34:70-34:71" resultTypeName="t:Integer" valueType="t:Integer" value="14" xsi:type="Literal"/>
                  </operand>
               </when>
               <then localId="53" locator="34:79-34:85" resultTypeName="t:Code" name="10-14" xsi:type="CodeRef"/>
            </caseItem>
            <caseItem localId="63" locator="35:5-35:85">
               <when localId="61" locator="35:10-35:72" resultTypeName="t:Boolean" xsi:type="In">
                  <operand localId="57" locator="35:10-35:52" resultTypeName="t:Integer" precision="Year" xsi:type="CalculateAgeAt">
                     <operand xsi:type="ToDateTime">
                        <operand path="birthDate.value" xsi:type="Property">
                           <source name="Patient" xsi:type="ExpressionRef"/>
                        </operand>
                     </operand>
                     <operand localId="56" locator="35:23-35:51" resultTypeName="t:DateTime" xsi:type="Start">
                        <operand localId="55" locator="35:32-35:51" name="Measurement Period" xsi:type="ParameterRef">
                           <resultTypeSpecifier xsi:type="IntervalTypeSpecifier">
                              <pointType name="t:DateTime" xsi:type="NamedTypeSpecifier"/>
                           </resultTypeSpecifier>
                        </operand>
                     </operand>
                  </operand>
                  <operand localId="60" locator="35:57-35:72" lowClosed="true" highClosed="false" xsi:type="Interval">
                     <resultTypeSpecifier xsi:type="IntervalTypeSpecifier">
                        <pointType name="t:Integer" xsi:type="NamedTypeSpecifier"/>
                     </resultTypeSpecifier>
                     <low localId="58" locator="35:66-35:67" resultTypeName="t:Integer" valueType="t:Integer" value="15" xsi:type="Literal"/>
                     <high localId="59" locator="35:70-35:71" resultTypeName="t:Integer" valueType="t:Integer" value="19" xsi:type="Literal"/>
                  </operand>
               </when>
               <then localId="62" locator="35:79-35:85" resultTypeName="t:Code" name="15-19" xsi:type="CodeRef"/>
            </caseItem>
            <caseItem localId="72" locator="36:5-36:85">
               <when localId="70" locator="36:10-36:72" resultTypeName="t:Boolean" xsi:type="In">
                  <operand localId="66" locator="36:10-36:52" resultTypeName="t:Integer" precision="Year" xsi:type="CalculateAgeAt">
                     <operand xsi:type="ToDateTime">
                        <operand path="birthDate.value" xsi:type="Property">
                           <source name="Patient" xsi:type="ExpressionRef"/>
                        </operand>
                     </operand>
                     <operand localId="65" locator="36:23-36:51" resultTypeName="t:DateTime" xsi:type="Start">
                        <operand localId="64" locator="36:32-36:51" name="Measurement Period" xsi:type="ParameterRef">
                           <resultTypeSpecifier xsi:type="IntervalTypeSpecifier">
                              <pointType name="t:DateTime" xsi:type="NamedTypeSpecifier"/>
                           </resultTypeSpecifier>
                        </operand>
                     </operand>
                  </operand>
                  <operand localId="69" locator="36:57-36:72" lowClosed="true" highClosed="false" xsi:type="Interval">
                     <resultTypeSpecifier xsi:type="IntervalTypeSpecifier">
                        <pointType name="t:Integer" xsi:type="NamedTypeSpecifier"/>
                     </resultTypeSpecifier>
                     <low localId="67" locator="36:66-36:67" resultTypeName="t:Integer" valueType="t:Integer" value="20" xsi:type="Literal"/>
                     <high localId="68" locator="36:70-36:71" resultTypeName="t:Integer" valueType="t:Integer" value="24" xsi:type="Literal"/>
                  </operand>
               </when>
               <then localId="71" locator="36:79-36:85" resultTypeName="t:Code" name="20-24" xsi:type="CodeRef"/>
            </caseItem>
            <caseItem localId="81" locator="37:5-37:85">
               <when localId="79" locator="37:10-37:74" resultTypeName="t:Boolean" xsi:type="In">
                  <operand localId="75" locator="37:10-37:52" resultTypeName="t:Integer" precision="Year" xsi:type="CalculateAgeAt">
                     <operand xsi:type="ToDateTime">
                        <operand path="birthDate.value" xsi:type="Property">
                           <source name="Patient" xsi:type="ExpressionRef"/>
                        </operand>
                     </operand>
                     <operand localId="74" locator="37:23-37:51" resultTypeName="t:DateTime" xsi:type="Start">
                        <operand localId="73" locator="37:32-37:51" name="Measurement Period" xsi:type="ParameterRef">
                           <resultTypeSpecifier xsi:type="IntervalTypeSpecifier">
                              <pointType name="t:DateTime" xsi:type="NamedTypeSpecifier"/>
                           </resultTypeSpecifier>
                        </operand>
                     </operand>
                  </operand>
                  <operand localId="78" locator="37:57-37:74" lowClosed="true" highClosed="true" xsi:type="Interval">
                     <resultTypeSpecifier xsi:type="IntervalTypeSpecifier">
                        <pointType name="t:Integer" xsi:type="NamedTypeSpecifier"/>
                     </resultTypeSpecifier>
                     <low localId="76" locator="37:66-37:67" resultTypeName="t:Integer" valueType="t:Integer" value="25" xsi:type="Literal"/>
                     <high asType="t:Integer" xsi:type="As">
                        <operand localId="77" locator="37:70-37:73" resultTypeName="t:Any" xsi:type="Null"/>
                     </high>
                  </operand>
               </when>
               <then localId="80" locator="37:81-37:85" resultTypeName="t:Code" name="25+" xsi:type="CodeRef"/>
            </caseItem>
            <else asType="t:Code" xsi:type="As">
               <operand localId="82" locator="38:10-38:13" resultTypeName="t:Any" xsi:type="Null"/>
            </else>
         </expression>
      </def>
      <def localId="91" locator="42:1-43:32" resultTypeName="t:String" name="Age Group/Sex" context="Patient" accessLevel="Public">
         <annotation xsi:type="a:Annotation">
            <a:s r="91">
               <a:s>define &quot;Age Group/Sex&quot;:
  </a:s>
               <a:s r="90">
                  <a:s r="88">
                     <a:s r="86">
                        <a:s r="85">
                           <a:s>&quot;Age Group&quot;</a:s>
                        </a:s>
                        <a:s>.</a:s>
                        <a:s r="86">
                           <a:s>code</a:s>
                        </a:s>
                     </a:s>
                     <a:s> + </a:s>
                     <a:s r="87">
                        <a:s>':'</a:s>
                     </a:s>
                  </a:s>
                  <a:s> + </a:s>
                  <a:s r="89">
                     <a:s>&quot;Sex&quot;</a:s>
                  </a:s>
               </a:s>
            </a:s>
         </annotation>
         <expression localId="90" locator="43:3-43:32" resultTypeName="t:String" xsi:type="Concatenate">
            <operand localId="88" locator="43:3-43:24" resultTypeName="t:String" xsi:type="Concatenate">
               <operand localId="86" locator="43:3-43:18" resultTypeName="t:String" path="code" xsi:type="Property">
                  <source localId="85" locator="43:3-43:13" resultTypeName="t:Code" name="Age Group" xsi:type="ExpressionRef"/>
               </operand>
               <operand localId="87" locator="43:22-43:24" resultTypeName="t:String" valueType="t:String" value=":" xsi:type="Literal"/>
            </operand>
            <operand localId="89" locator="43:28-43:32" resultTypeName="t:String" name="Sex" xsi:type="ExpressionRef"/>
         </expression>
      </def>
      <def localId="106" locator="46:1-51:3" resultTypeName="t:String" name="Last Location" context="Patient" accessLevel="Public">
         <annotation xsi:type="a:Annotation">
            <a:s r="106">
               <a:s>define &quot;Last Location&quot;:
  </a:s>
               <a:s r="105">
                  <a:s>Last(</a:s>
                  <a:s r="104">
                     <a:s>
                        <a:s r="93">
                           <a:s r="92">
                              <a:s r="92">
                                 <a:s>[Encounter]</a:s>
                              </a:s>
                           </a:s>
                           <a:s> E</a:s>
                        </a:s>
                     </a:s>
                     <a:s>
    </a:s>
                     <a:s r="103">
                        <a:s>return </a:s>
                        <a:s r="102">
                           <a:s>singleton from </a:s>
                           <a:s r="101">
                              <a:s r="100">
                                 <a:s>(</a:s>
                                 <a:s r="100">
                                    <a:s>
                                       <a:s r="95">
                                          <a:s r="94">
                                             <a:s>
                                                <a:s>E.location</a:s>
                                             </a:s>
                                          </a:s>
                                          <a:s> L</a:s>
                                       </a:s>
                                    </a:s>
                                    <a:s>
      </a:s>
                                    <a:s r="99">
                                       <a:s>return </a:s>
                                       <a:s r="98">
                                          <a:s r="97">
                                             <a:s r="96">
                                                <a:s>L</a:s>
                                             </a:s>
                                             <a:s>.</a:s>
                                             <a:s r="97">
                                                <a:s>location</a:s>
                                             </a:s>
                                          </a:s>
                                          <a:s>.</a:s>
                                          <a:s r="98">
                                             <a:s>reference</a:s>
                                          </a:s>
                                       </a:s>
                                    </a:s>
                                 </a:s>
                                 <a:s>
    )</a:s>
                              </a:s>
                              <a:s>.</a:s>
                              <a:s r="101">
                                 <a:s>value</a:s>
                              </a:s>
                           </a:s>
                        </a:s>
                     </a:s>
                  </a:s>
                  <a:s>
  )</a:s>
               </a:s>
            </a:s>
         </annotation>
         <expression localId="105" locator="47:3-51:3" resultTypeName="t:String" xsi:type="Last">
            <source localId="104" locator="47:8-50:11" xsi:type="Query">
               <resultTypeSpecifier xsi:type="ListTypeSpecifier">
                  <elementType name="t:String" xsi:type="NamedTypeSpecifier"/>
               </resultTypeSpecifier>
               <source localId="93" locator="47:8-47:20" alias="E">
                  <resultTypeSpecifier xsi:type="ListTypeSpecifier">
                     <elementType name="fhir:Encounter" xsi:type="NamedTypeSpecifier"/>
                  </resultTypeSpecifier>
                  <expression localId="92" locator="47:8-47:18" dataType="fhir:Encounter" templateId="http://hl7.org/fhir/StructureDefinition/Encounter" xsi:type="Retrieve">
                     <resultTypeSpecifier xsi:type="ListTypeSpecifier">
                        <elementType name="fhir:Encounter" xsi:type="NamedTypeSpecifier"/>
                     </resultTypeSpecifier>
                  </expression>
               </source>
               <return localId="103" locator="48:5-50:11">
                  <resultTypeSpecifier xsi:type="ListTypeSpecifier">
                     <elementType name="t:String" xsi:type="NamedTypeSpecifier"/>
                  </resultTypeSpecifier>
                  <expression localId="102" locator="48:12-50:11" resultTypeName="t:String" xsi:type="SingletonFrom">
                     <operand localId="101" locator="48:27-50:11" xsi:type="Query">
                        <resultTypeSpecifier xsi:type="ListTypeSpecifier">
                           <elementType name="t:String" xsi:type="NamedTypeSpecifier"/>
                        </resultTypeSpecifier>
                        <source alias="$this">
                           <expression localId="100" locator="48:27-50:5" xsi:type="Query">
                              <resultTypeSpecifier xsi:type="ListTypeSpecifier">
                                 <elementType name="fhir:string" xsi:type="NamedTypeSpecifier"/>
                              </resultTypeSpecifier>
                              <source localId="95" locator="48:28-48:39" alias="L">
                                 <resultTypeSpecifier xsi:type="ListTypeSpecifier">
                                    <elementType name="fhir:Encounter.Location" xsi:type="NamedTypeSpecifier"/>
                                 </resultTypeSpecifier>
                                 <expression localId="94" locator="48:28-48:37" path="location" scope="E" xsi:type="Property">
                                    <resultTypeSpecifier xsi:type="ListTypeSpecifier">
                                       <elementType name="fhir:Encounter.Location" xsi:type="NamedTypeSpecifier"/>
                                    </resultTypeSpecifier>
                                 </expression>
                              </source>
                              <return localId="99" locator="49:7-49:33">
                                 <resultTypeSpecifier xsi:type="ListTypeSpecifier">
                                    <elementType name="fhir:string" xsi:type="NamedTypeSpecifier"/>
                                 </resultTypeSpecifier>
                                 <expression localId="98" locator="49:14-49:33" resultTypeName="fhir:string" path="reference" xsi:type="Property">
                                    <source localId="97" locator="49:14-49:23" resultTypeName="fhir:Reference" path="location" scope="L" xsi:type="Property"/>
                                 </expression>
                              </return>
                           </expression>
                        </source>
                        <where xsi:type="Not">
                           <operand xsi:type="IsNull">
                              <operand path="value" xsi:type="Property">
                                 <source name="$this" xsi:type="AliasRef"/>
                              </operand>
                           </operand>
                        </where>
                        <return distinct="false">
                           <expression path="value" xsi:type="Property">
                              <source name="$this" xsi:type="AliasRef"/>
                           </expression>
                        </return>
                     </operand>
                  </expression>
               </return>
            </source>
         </expression>
      </def>
      <def localId="142" locator="56:1-63:75" name="OpenMRS Location" context="Patient" accessLevel="Public">
         <annotation xsi:type="a:Annotation">
            <a:s r="142">
               <a:s>// http://fhir.openmrs.org/ext/patient/identifier#location
define &quot;OpenMRS Location&quot;:
  </a:s>
               <a:s r="141">
                  <a:s>
                     <a:s r="108">
                        <a:s r="107">
                           <a:s r="107">
                              <a:s>[Patient]</a:s>
                           </a:s>
                        </a:s>
                        <a:s> P</a:s>
                     </a:s>
                  </a:s>
                  <a:s>
    // this url is in the ig, but is not correct: 'http://fhir.openmrs.org/core/StructureDefinition/omrs-patient-identifier-location'}
    </a:s>
                  <a:s r="129">
                     <a:s>where </a:s>
                     <a:s r="129">
                        <a:s r="118">
                           <a:s>singleton from </a:s>
                           <a:s r="117">
                              <a:s>{</a:s>
                              <a:s r="116">
                                 <a:s r="114">
                                    <a:s r="113">
                                       <a:s r="111">
                                          <a:s r="110">
                                             <a:s r="109">
                                                <a:s>P</a:s>
                                             </a:s>
                                             <a:s>.</a:s>
                                             <a:s r="110">
                                                <a:s>identifier</a:s>
                                             </a:s>
                                          </a:s>
                                          <a:s>.</a:s>
                                          <a:s r="111">
                                             <a:s>extension</a:s>
                                          </a:s>
                                       </a:s>
                                       <a:s r="112">[0]</a:s>
                                    </a:s>
                                    <a:s>.</a:s>
                                    <a:s r="114">
                                       <a:s>url</a:s>
                                    </a:s>
                                 </a:s>
                                 <a:s> ~ </a:s>
                                 <a:s r="115">
                                    <a:s>'http://fhir.openmrs.org/ext/patient/identifier'</a:s>
                                 </a:s>
                              </a:s>
                              <a:s>}</a:s>
                           </a:s>
                        </a:s>
                        <a:s>
    or </a:s>
                        <a:s r="128">
                           <a:s>singleton from </a:s>
                           <a:s r="127">
                              <a:s>{</a:s>
                              <a:s r="126">
                                 <a:s r="124">
                                    <a:s r="123">
                                       <a:s r="121">
                                          <a:s r="120">
                                             <a:s r="119">
                                                <a:s>P</a:s>
                                             </a:s>
                                             <a:s>.</a:s>
                                             <a:s r="120">
                                                <a:s>identifier</a:s>
                                             </a:s>
                                          </a:s>
                                          <a:s>.</a:s>
                                          <a:s r="121">
                                             <a:s>extension</a:s>
                                          </a:s>
                                       </a:s>
                                       <a:s r="122">[0]</a:s>
                                    </a:s>
                                    <a:s>.</a:s>
                                    <a:s r="124">
                                       <a:s>url</a:s>
                                    </a:s>
                                 </a:s>
                                 <a:s> ~ </a:s>
                                 <a:s r="125">
                                    <a:s>'http://fhir.openmrs.org/ext/patient/identifier#location'</a:s>
                                 </a:s>
                              </a:s>
                              <a:s>}</a:s>
                           </a:s>
                        </a:s>
                     </a:s>
                  </a:s>
                  <a:s>
    // or singleton from {P.identifier.extension[1].url ~ 'http://fhir.openmrs.org/ext/patient/identifier'}
    // or singleton from {P.identifier.extension[1].url ~ 'http://fhir.openmrs.org/ext/patient/identifier#location'}
    </a:s>
                  <a:s r="140">
                     <a:s>return </a:s>
                     <a:s r="139">
                        <a:s>singleton from </a:s>
                        <a:s r="138">
                           <a:s>{</a:s>
                           <a:s r="137">
                              <a:s r="136">
                                 <a:s r="135">
                                    <a:s r="134">
                                       <a:s r="132">
                                          <a:s r="131">
                                             <a:s r="130">
                                                <a:s>P</a:s>
                                             </a:s>
                                             <a:s>.</a:s>
                                             <a:s r="131">
                                                <a:s>identifier</a:s>
                                             </a:s>
                                          </a:s>
                                          <a:s>.</a:s>
                                          <a:s r="132">
                                             <a:s>extension</a:s>
                                          </a:s>
                                       </a:s>
                                       <a:s r="133">[0]</a:s>
                                    </a:s>
                                    <a:s>.</a:s>
                                    <a:s r="135">
                                       <a:s>value</a:s>
                                    </a:s>
                                 </a:s>
                                 <a:s>.</a:s>
                                 <a:s r="136">
                                    <a:s>reference</a:s>
                                 </a:s>
                              </a:s>
                              <a:s>.</a:s>
                              <a:s r="137">
                                 <a:s>value</a:s>
                              </a:s>
                           </a:s>
                           <a:s>}</a:s>
                        </a:s>
                     </a:s>
                  </a:s>
               </a:s>
            </a:s>
         </annotation>
         <resultTypeSpecifier xsi:type="ListTypeSpecifier">
            <elementType name="t:String" xsi:type="NamedTypeSpecifier"/>
         </resultTypeSpecifier>
         <expression localId="141" locator="57:3-63:75" xsi:type="Query">
            <resultTypeSpecifier xsi:type="ListTypeSpecifier">
               <elementType name="t:String" xsi:type="NamedTypeSpecifier"/>
            </resultTypeSpecifier>
            <source localId="108" locator="57:3-57:13" alias="P">
               <resultTypeSpecifier xsi:type="ListTypeSpecifier">
                  <elementType name="fhir:Patient" xsi:type="NamedTypeSpecifier"/>
               </resultTypeSpecifier>
               <expression localId="107" locator="57:3-57:11" dataType="fhir:Patient" templateId="http://hl7.org/fhir/StructureDefinition/Patient" xsi:type="Retrieve">
                  <resultTypeSpecifier xsi:type="ListTypeSpecifier">
                     <elementType name="fhir:Patient" xsi:type="NamedTypeSpecifier"/>
                  </resultTypeSpecifier>
               </expression>
            </source>
            <where localId="129" locator="59:5-60:113" resultTypeName="t:Boolean" xsi:type="Or">
               <operand localId="118" locator="59:11-59:107" resultTypeName="t:Boolean" xsi:type="SingletonFrom">
                  <operand localId="117" locator="59:26-59:107" xsi:type="List">
                     <resultTypeSpecifier xsi:type="ListTypeSpecifier">
                        <elementType name="t:Boolean" xsi:type="NamedTypeSpecifier"/>
                     </resultTypeSpecifier>
                     <element localId="116" locator="59:27-59:106" resultTypeName="t:Boolean" xsi:type="Equivalent">
                        <operand name="ToString" libraryName="FHIRHelpers" xsi:type="FunctionRef">
                           <operand localId="114" locator="59:27-59:55" resultTypeName="fhir:uri" path="url" xsi:type="Property">
                              <source localId="113" locator="59:27-59:51" resultTypeName="fhir:Extension" xsi:type="Indexer">
                                 <operand localId="111" locator="59:27-59:48" xsi:type="Flatten">
                                    <resultTypeSpecifier xsi:type="ListTypeSpecifier">
                                       <elementType name="fhir:Extension" xsi:type="NamedTypeSpecifier"/>
                                    </resultTypeSpecifier>
                                    <operand xsi:type="Query">
                                       <source alias="$this">
                                          <expression localId="110" locator="59:27-59:38" path="identifier" scope="P" xsi:type="Property">
                                             <resultTypeSpecifier xsi:type="ListTypeSpecifier">
                                                <elementType name="fhir:Identifier" xsi:type="NamedTypeSpecifier"/>
                                             </resultTypeSpecifier>
                                          </expression>
                                       </source>
                                       <where xsi:type="Not">
                                          <operand xsi:type="IsNull">
                                             <operand path="extension" xsi:type="Property">
                                                <source name="$this" xsi:type="AliasRef"/>
                                             </operand>
                                          </operand>
                                       </where>
                                       <return distinct="false">
                                          <expression path="extension" xsi:type="Property">
                                             <source name="$this" xsi:type="AliasRef"/>
                                          </expression>
                                       </return>
                                    </operand>
                                 </operand>
                                 <operand localId="112" locator="59:50" resultTypeName="t:Integer" valueType="t:Integer" value="0" xsi:type="Literal"/>
                              </source>
                           </operand>
                        </operand>
                        <operand localId="115" locator="59:59-59:106" resultTypeName="t:String" valueType="t:String" value="http://fhir.openmrs.org/ext/patient/identifier" xsi:type="Literal"/>
                     </element>
                  </operand>
               </operand>
               <operand localId="128" locator="60:8-60:113" resultTypeName="t:Boolean" xsi:type="SingletonFrom">
                  <operand localId="127" locator="60:23-60:113" xsi:type="List">
                     <resultTypeSpecifier xsi:type="ListTypeSpecifier">
                        <elementType name="t:Boolean" xsi:type="NamedTypeSpecifier"/>
                     </resultTypeSpecifier>
                     <element localId="126" locator="60:24-60:112" resultTypeName="t:Boolean" xsi:type="Equivalent">
                        <operand name="ToString" libraryName="FHIRHelpers" xsi:type="FunctionRef">
                           <operand localId="124" locator="60:24-60:52" resultTypeName="fhir:uri" path="url" xsi:type="Property">
                              <source localId="123" locator="60:24-60:48" resultTypeName="fhir:Extension" xsi:type="Indexer">
                                 <operand localId="121" locator="60:24-60:45" xsi:type="Flatten">
                                    <resultTypeSpecifier xsi:type="ListTypeSpecifier">
                                       <elementType name="fhir:Extension" xsi:type="NamedTypeSpecifier"/>
                                    </resultTypeSpecifier>
                                    <operand xsi:type="Query">
                                       <source alias="$this">
                                          <expression localId="120" locator="60:24-60:35" path="identifier" scope="P" xsi:type="Property">
                                             <resultTypeSpecifier xsi:type="ListTypeSpecifier">
                                                <elementType name="fhir:Identifier" xsi:type="NamedTypeSpecifier"/>
                                             </resultTypeSpecifier>
                                          </expression>
                                       </source>
                                       <where xsi:type="Not">
                                          <operand xsi:type="IsNull">
                                             <operand path="extension" xsi:type="Property">
                                                <source name="$this" xsi:type="AliasRef"/>
                                             </operand>
                                          </operand>
                                       </where>
                                       <return distinct="false">
                                          <expression path="extension" xsi:type="Property">
                                             <source name="$this" xsi:type="AliasRef"/>
                                          </expression>
                                       </return>
                                    </operand>
                                 </operand>
                                 <operand localId="122" locator="60:47" resultTypeName="t:Integer" valueType="t:Integer" value="0" xsi:type="Literal"/>
                              </source>
                           </operand>
                        </operand>
                        <operand localId="125" locator="60:56-60:112" resultTypeName="t:String" valueType="t:String" value="http://fhir.openmrs.org/ext/patient/identifier#location" xsi:type="Literal"/>
                     </element>
                  </operand>
               </operand>
            </where>
            <return localId="140" locator="63:5-63:75">
               <resultTypeSpecifier xsi:type="ListTypeSpecifier">
                  <elementType name="t:String" xsi:type="NamedTypeSpecifier"/>
               </resultTypeSpecifier>
               <expression localId="139" locator="63:12-63:75" resultTypeName="t:String" xsi:type="SingletonFrom">
                  <operand localId="138" locator="63:27-63:75" xsi:type="List">
                     <resultTypeSpecifier xsi:type="ListTypeSpecifier">
                        <elementType name="t:String" xsi:type="NamedTypeSpecifier"/>
                     </resultTypeSpecifier>
                     <element localId="137" locator="63:28-63:74" resultTypeName="t:String" path="value" xsi:type="Property">
                        <source localId="136" locator="63:28-63:68" path="reference" xsi:type="Property">
                           <resultTypeSpecifier xsi:type="ChoiceTypeSpecifier">
                              <choice name="fhir:uri" xsi:type="NamedTypeSpecifier"/>
                              <choice name="fhir:string" xsi:type="NamedTypeSpecifier"/>
                           </resultTypeSpecifier>
                           <source localId="135" locator="63:28-63:58" path="value" xsi:type="Property">
                              <resultTypeSpecifier xsi:type="ChoiceTypeSpecifier">
                                 <choice name="fhir:base64Binary" xsi:type="NamedTypeSpecifier"/>
                                 <choice name="fhir:boolean" xsi:type="NamedTypeSpecifier"/>
                                 <choice name="fhir:canonical" xsi:type="NamedTypeSpecifier"/>
                                 <choice name="fhir:code" xsi:type="NamedTypeSpecifier"/>
                                 <choice name="fhir:date" xsi:type="NamedTypeSpecifier"/>
                                 <choice name="fhir:dateTime" xsi:type="NamedTypeSpecifier"/>
                                 <choice name="fhir:decimal" xsi:type="NamedTypeSpecifier"/>
                                 <choice name="fhir:id" xsi:type="NamedTypeSpecifier"/>
                                 <choice name="fhir:instant" xsi:type="NamedTypeSpecifier"/>
                                 <choice name="fhir:integer" xsi:type="NamedTypeSpecifier"/>
                                 <choice name="fhir:markdown" xsi:type="NamedTypeSpecifier"/>
                                 <choice name="fhir:oid" xsi:type="NamedTypeSpecifier"/>
                                 <choice name="fhir:positiveInt" xsi:type="NamedTypeSpecifier"/>
                                 <choice name="fhir:string" xsi:type="NamedTypeSpecifier"/>
                                 <choice name="fhir:time" xsi:type="NamedTypeSpecifier"/>
                                 <choice name="fhir:unsignedInt" xsi:type="NamedTypeSpecifier"/>
                                 <choice name="fhir:uri" xsi:type="NamedTypeSpecifier"/>
                                 <choice name="fhir:url" xsi:type="NamedTypeSpecifier"/>
                                 <choice name="fhir:uuid" xsi:type="NamedTypeSpecifier"/>
                                 <choice name="fhir:Address" xsi:type="NamedTypeSpecifier"/>
                                 <choice name="fhir:Age" xsi:type="NamedTypeSpecifier"/>
                                 <choice name="fhir:Annotation" xsi:type="NamedTypeSpecifier"/>
                                 <choice name="fhir:Attachment" xsi:type="NamedTypeSpecifier"/>
                                 <choice name="fhir:CodeableConcept" xsi:type="NamedTypeSpecifier"/>
                                 <choice name="fhir:Coding" xsi:type="NamedTypeSpecifier"/>
                                 <choice name="fhir:ContactPoint" xsi:type="NamedTypeSpecifier"/>
                                 <choice name="fhir:Count" xsi:type="NamedTypeSpecifier"/>
                                 <choice name="fhir:Distance" xsi:type="NamedTypeSpecifier"/>
                                 <choice name="fhir:Duration" xsi:type="NamedTypeSpecifier"/>
                                 <choice name="fhir:HumanName" xsi:type="NamedTypeSpecifier"/>
                                 <choice name="fhir:Identifier" xsi:type="NamedTypeSpecifier"/>
                                 <choice name="fhir:Money" xsi:type="NamedTypeSpecifier"/>
                                 <choice name="fhir:Period" xsi:type="NamedTypeSpecifier"/>
                                 <choice name="fhir:Quantity" xsi:type="NamedTypeSpecifier"/>
                                 <choice name="fhir:Range" xsi:type="NamedTypeSpecifier"/>
                                 <choice name="fhir:Ratio" xsi:type="NamedTypeSpecifier"/>
                                 <choice name="fhir:Reference" xsi:type="NamedTypeSpecifier"/>
                                 <choice name="fhir:SampledData" xsi:type="NamedTypeSpecifier"/>
                                 <choice name="fhir:Signature" xsi:type="NamedTypeSpecifier"/>
                                 <choice name="fhir:Timing" xsi:type="NamedTypeSpecifier"/>
                                 <choice name="fhir:ContactDetail" xsi:type="NamedTypeSpecifier"/>
                                 <choice name="fhir:Contributor" xsi:type="NamedTypeSpecifier"/>
                                 <choice name="fhir:DataRequirement" xsi:type="NamedTypeSpecifier"/>
                                 <choice name="fhir:Expression" xsi:type="NamedTypeSpecifier"/>
                                 <choice name="fhir:ParameterDefinition" xsi:type="NamedTypeSpecifier"/>
                                 <choice name="fhir:RelatedArtifact" xsi:type="NamedTypeSpecifier"/>
                                 <choice name="fhir:TriggerDefinition" xsi:type="NamedTypeSpecifier"/>
                                 <choice name="fhir:UsageContext" xsi:type="NamedTypeSpecifier"/>
                                 <choice name="fhir:Dosage" xsi:type="NamedTypeSpecifier"/>
                                 <choice name="fhir:Meta" xsi:type="NamedTypeSpecifier"/>
                              </resultTypeSpecifier>
                              <source localId="134" locator="63:28-63:52" resultTypeName="fhir:Extension" xsi:type="Indexer">
                                 <operand localId="132" locator="63:28-63:49" xsi:type="Flatten">
                                    <resultTypeSpecifier xsi:type="ListTypeSpecifier">
                                       <elementType name="fhir:Extension" xsi:type="NamedTypeSpecifier"/>
                                    </resultTypeSpecifier>
                                    <operand xsi:type="Query">
                                       <source alias="$this">
                                          <expression localId="131" locator="63:28-63:39" path="identifier" scope="P" xsi:type="Property">
                                             <resultTypeSpecifier xsi:type="ListTypeSpecifier">
                                                <elementType name="fhir:Identifier" xsi:type="NamedTypeSpecifier"/>
                                             </resultTypeSpecifier>
                                          </expression>
                                       </source>
                                       <where xsi:type="Not">
                                          <operand xsi:type="IsNull">
                                             <operand path="extension" xsi:type="Property">
                                                <source name="$this" xsi:type="AliasRef"/>
                                             </operand>
                                          </operand>
                                       </where>
                                       <return distinct="false">
                                          <expression path="extension" xsi:type="Property">
                                             <source name="$this" xsi:type="AliasRef"/>
                                          </expression>
                                       </return>
                                    </operand>
                                 </operand>
                                 <operand localId="133" locator="63:51" resultTypeName="t:Integer" valueType="t:Integer" value="0" xsi:type="Literal"/>
                              </source>
                           </source>
                        </source>
                     </element>
                  </operand>
               </expression>
            </return>
         </expression>
      </def>
      <def localId="155" locator="66:1-71:58" name="Last serviceProvider" context="Patient" accessLevel="Public">
         <annotation xsi:type="a:Annotation">
            <a:s r="155">
               <a:s>define &quot;Last serviceProvider&quot;:
  // Some of the Synthea encounters do not have a serviceProvider, so this can return nothing
  // Filter out those that are null, then take the last
  </a:s>
               <a:s r="154">
                  <a:s>
                     <a:s r="144">
                        <a:s r="143">
                           <a:s r="143">
                              <a:s>[Encounter]</a:s>
                           </a:s>
                        </a:s>
                        <a:s> E</a:s>
                     </a:s>
                  </a:s>
                  <a:s>
    </a:s>
                  <a:s r="147">
                     <a:s>where </a:s>
                     <a:s r="147">
                        <a:s r="146">
                           <a:s r="145">
                              <a:s>E</a:s>
                           </a:s>
                           <a:s>.</a:s>
                           <a:s r="146">
                              <a:s>serviceProvider</a:s>
                           </a:s>
                        </a:s>
                        <a:s> is not null</a:s>
                     </a:s>
                  </a:s>
                  <a:s>
  </a:s>
                  <a:s r="153">
                     <a:s>return </a:s>
                     <a:s r="152">
                        <a:s r="151">
                           <a:s r="150">
                              <a:s r="149">
                                 <a:s>Last(</a:s>
                                 <a:s r="148">
                                    <a:s>[Encounter]</a:s>
                                 </a:s>
                                 <a:s>)</a:s>
                              </a:s>
                              <a:s>.</a:s>
                              <a:s r="150">
                                 <a:s>serviceProvider</a:s>
                              </a:s>
                           </a:s>
                           <a:s>.</a:s>
                           <a:s r="151">
                              <a:s>reference</a:s>
                           </a:s>
                        </a:s>
                        <a:s>.</a:s>
                        <a:s r="152">
                           <a:s>value</a:s>
                        </a:s>
                     </a:s>
                  </a:s>
               </a:s>
            </a:s>
         </annotation>
         <resultTypeSpecifier xsi:type="ListTypeSpecifier">
            <elementType name="t:String" xsi:type="NamedTypeSpecifier"/>
         </resultTypeSpecifier>
         <expression localId="154" locator="69:3-71:58" xsi:type="Query">
            <resultTypeSpecifier xsi:type="ListTypeSpecifier">
               <elementType name="t:String" xsi:type="NamedTypeSpecifier"/>
            </resultTypeSpecifier>
            <source localId="144" locator="69:3-69:15" alias="E">
               <resultTypeSpecifier xsi:type="ListTypeSpecifier">
                  <elementType name="fhir:Encounter" xsi:type="NamedTypeSpecifier"/>
               </resultTypeSpecifier>
               <expression localId="143" locator="69:3-69:13" dataType="fhir:Encounter" templateId="http://hl7.org/fhir/StructureDefinition/Encounter" xsi:type="Retrieve">
                  <resultTypeSpecifier xsi:type="ListTypeSpecifier">
                     <elementType name="fhir:Encounter" xsi:type="NamedTypeSpecifier"/>
                  </resultTypeSpecifier>
               </expression>
            </source>
            <where localId="147" locator="70:5-70:39" resultTypeName="t:Boolean" xsi:type="Not">
               <operand locator="70:11-70:39" resultTypeName="t:Boolean" xsi:type="IsNull">
                  <operand localId="146" locator="70:11-70:27" resultTypeName="fhir:Reference" path="serviceProvider" scope="E" xsi:type="Property"/>
               </operand>
            </where>
            <return localId="153" locator="71:3-71:58">
               <resultTypeSpecifier xsi:type="ListTypeSpecifier">
                  <elementType name="t:String" xsi:type="NamedTypeSpecifier"/>
               </resultTypeSpecifier>
               <expression localId="152" locator="71:10-71:58" resultTypeName="t:String" path="value" xsi:type="Property">
                  <source localId="151" locator="71:10-71:52" resultTypeName="fhir:string" path="reference" xsi:type="Property">
                     <source localId="150" locator="71:10-71:42" resultTypeName="fhir:Reference" path="serviceProvider" xsi:type="Property">
                        <source localId="149" locator="71:10-71:26" resultTypeName="fhir:Encounter" xsi:type="Last">
                           <source localId="148" locator="71:15-71:25" dataType="fhir:Encounter" templateId="http://hl7.org/fhir/StructureDefinition/Encounter" xsi:type="Retrieve">
                              <resultTypeSpecifier xsi:type="ListTypeSpecifier">
                                 <elementType name="fhir:Encounter" xsi:type="NamedTypeSpecifier"/>
                              </resultTypeSpecifier>
                           </source>
                        </source>
                     </source>
                  </source>
               </expression>
            </return>
         </expression>
      </def>
      <def localId="169" locator="75:1-79:11" name="Location Deux" context="Patient" accessLevel="Public">
         <annotation xsi:type="a:Annotation">
            <a:s r="169">
               <a:s>// if..then..else
define &quot;Location Deux&quot;:
  </a:s>
               <a:s r="168">
                  <a:s>if </a:s>
                  <a:s r="157">
                     <a:s r="156">
                        <a:s>&quot;Last Location&quot;</a:s>
                     </a:s>
                     <a:s> is not null</a:s>
                  </a:s>
                  <a:s> then </a:s>
                  <a:s r="158">
                     <a:s>(</a:s>
                     <a:s r="158">
                        <a:s>&quot;Last Location&quot;</a:s>
                     </a:s>
                     <a:s>)</a:s>
                  </a:s>
                  <a:s>
  else </a:s>
                  <a:s r="167">
                     <a:s>if </a:s>
                     <a:s r="160">
                        <a:s r="159">
                           <a:s>&quot;Last serviceProvider&quot;</a:s>
                        </a:s>
                        <a:s> is not null</a:s>
                     </a:s>
                     <a:s> then </a:s>
                     <a:s r="161">
                        <a:s>(</a:s>
                        <a:s r="161">
                           <a:s>&quot;Last serviceProvider&quot;</a:s>
                        </a:s>
                        <a:s>)</a:s>
                     </a:s>
                     <a:s>
  else </a:s>
                     <a:s r="166">
                        <a:s>if </a:s>
                        <a:s r="163">
                           <a:s r="162">
                              <a:s>&quot;OpenMRS Location&quot;</a:s>
                           </a:s>
                           <a:s> is not null</a:s>
                        </a:s>
                        <a:s> then </a:s>
                        <a:s r="164">
                           <a:s>(</a:s>
                           <a:s r="164">
                              <a:s>&quot;OpenMRS Location&quot;</a:s>
                           </a:s>
                           <a:s>)</a:s>
                        </a:s>
                        <a:s r="165">
  else null</a:s>
                     </a:s>
                  </a:s>
               </a:s>
            </a:s>
         </annotation>
         <resultTypeSpecifier xsi:type="ChoiceTypeSpecifier">
            <choice name="t:String" xsi:type="NamedTypeSpecifier"/>
            <choice xsi:type="ListTypeSpecifier">
               <elementType name="t:String" xsi:type="NamedTypeSpecifier"/>
            </choice>
         </resultTypeSpecifier>
         <expression localId="168" locator="76:3-79:11" xsi:type="If">
            <resultTypeSpecifier xsi:type="ChoiceTypeSpecifier">
               <choice name="t:String" xsi:type="NamedTypeSpecifier"/>
               <choice xsi:type="ListTypeSpecifier">
                  <elementType name="t:String" xsi:type="NamedTypeSpecifier"/>
               </choice>
            </resultTypeSpecifier>
            <condition localId="157" locator="76:6-76:32" resultTypeName="t:Boolean" xsi:type="Not">
               <operand locator="76:6-76:32" resultTypeName="t:Boolean" xsi:type="IsNull">
                  <operand localId="156" locator="76:6-76:20" resultTypeName="t:String" name="Last Location" xsi:type="ExpressionRef"/>
               </operand>
            </condition>
            <then xsi:type="As">
               <operand localId="158" locator="76:39-76:55" resultTypeName="t:String" name="Last Location" xsi:type="ExpressionRef"/>
               <asTypeSpecifier xsi:type="ChoiceTypeSpecifier">
                  <choice name="t:String" xsi:type="NamedTypeSpecifier"/>
                  <choice xsi:type="ListTypeSpecifier">
                     <elementType name="t:String" xsi:type="NamedTypeSpecifier"/>
                  </choice>
               </asTypeSpecifier>
            </then>
            <else xsi:type="As">
               <operand localId="167" locator="77:8-79:11" xsi:type="If">
                  <resultTypeSpecifier xsi:type="ListTypeSpecifier">
                     <elementType name="t:String" xsi:type="NamedTypeSpecifier"/>
                  </resultTypeSpecifier>
                  <condition localId="160" locator="77:11-77:44" resultTypeName="t:Boolean" xsi:type="Not">
                     <operand locator="77:11-77:44" resultTypeName="t:Boolean" xsi:type="IsNull">
                        <operand localId="159" locator="77:11-77:32" name="Last serviceProvider" xsi:type="ExpressionRef">
                           <resultTypeSpecifier xsi:type="ListTypeSpecifier">
                              <elementType name="t:String" xsi:type="NamedTypeSpecifier"/>
                           </resultTypeSpecifier>
                        </operand>
                     </operand>
                  </condition>
                  <then localId="161" locator="77:51-77:74" name="Last serviceProvider" xsi:type="ExpressionRef">
                     <resultTypeSpecifier xsi:type="ListTypeSpecifier">
                        <elementType name="t:String" xsi:type="NamedTypeSpecifier"/>
                     </resultTypeSpecifier>
                  </then>
                  <else localId="166" locator="78:8-79:11" xsi:type="If">
                     <resultTypeSpecifier xsi:type="ListTypeSpecifier">
                        <elementType name="t:String" xsi:type="NamedTypeSpecifier"/>
                     </resultTypeSpecifier>
                     <condition localId="163" locator="78:11-78:40" resultTypeName="t:Boolean" xsi:type="Not">
                        <operand locator="78:11-78:40" resultTypeName="t:Boolean" xsi:type="IsNull">
                           <operand localId="162" locator="78:11-78:28" name="OpenMRS Location" xsi:type="ExpressionRef">
                              <resultTypeSpecifier xsi:type="ListTypeSpecifier">
                                 <elementType name="t:String" xsi:type="NamedTypeSpecifier"/>
                              </resultTypeSpecifier>
                           </operand>
                        </operand>
                     </condition>
                     <then localId="164" locator="78:47-78:66" name="OpenMRS Location" xsi:type="ExpressionRef">
                        <resultTypeSpecifier xsi:type="ListTypeSpecifier">
                           <elementType name="t:String" xsi:type="NamedTypeSpecifier"/>
                        </resultTypeSpecifier>
                     </then>
                     <else xsi:type="As">
                        <operand localId="165" locator="79:8-79:11" resultTypeName="t:Any" xsi:type="Null"/>
                        <asTypeSpecifier xsi:type="ListTypeSpecifier">
                           <elementType name="t:String" xsi:type="NamedTypeSpecifier"/>
                        </asTypeSpecifier>
                     </else>
                  </else>
               </operand>
               <asTypeSpecifier xsi:type="ChoiceTypeSpecifier">
                  <choice name="t:String" xsi:type="NamedTypeSpecifier"/>
                  <choice xsi:type="ListTypeSpecifier">
                     <elementType name="t:String" xsi:type="NamedTypeSpecifier"/>
                  </choice>
               </asTypeSpecifier>
            </else>
         </expression>
      </def>
      <def localId="184" locator="82:1-91:5" name="Location" context="Patient" accessLevel="Public">
         <annotation xsi:type="a:Annotation">
            <a:s r="184">
               <a:s>define &quot;Location&quot;:
  </a:s>
               <a:s r="183">
                  <a:s>case
    // location identifier on patient
    </a:s>
                  <a:s r="173">
                     <a:s>when </a:s>
                     <a:s r="171">
                        <a:s r="170">
                           <a:s>&quot;OpenMRS Location&quot;</a:s>
                        </a:s>
                        <a:s> is not null</a:s>
                     </a:s>
                     <a:s> then </a:s>
                     <a:s r="172">
                        <a:s>(</a:s>
                        <a:s r="172">
                           <a:s>&quot;OpenMRS Location&quot;</a:s>
                        </a:s>
                        <a:s>)</a:s>
                     </a:s>
                  </a:s>
                  <a:s>
    // then location of last encounter
    </a:s>
                  <a:s r="177">
                     <a:s>when </a:s>
                     <a:s r="175">
                        <a:s r="174">
                           <a:s>&quot;Last Location&quot;</a:s>
                        </a:s>
                        <a:s> is not null</a:s>
                     </a:s>
                     <a:s> then </a:s>
                     <a:s r="176">
                        <a:s>(</a:s>
                        <a:s r="176">
                           <a:s>&quot;Last Location&quot;</a:s>
                        </a:s>
                        <a:s>)</a:s>
                     </a:s>
                  </a:s>
                  <a:s>
    // then organization of last encounter
    </a:s>
                  <a:s r="181">
                     <a:s>when </a:s>
                     <a:s r="179">
                        <a:s r="178">
                           <a:s>&quot;Last serviceProvider&quot;</a:s>
                        </a:s>
                        <a:s> is not null</a:s>
                     </a:s>
                     <a:s> then </a:s>
                     <a:s r="180">
                        <a:s>(</a:s>
                        <a:s r="180">
                           <a:s>&quot;Last serviceProvider&quot;</a:s>
                        </a:s>
                        <a:s>)</a:s>
                     </a:s>
                  </a:s>
                  <a:s r="182">
    else null
  end</a:s>
               </a:s>
            </a:s>
         </annotation>
         <resultTypeSpecifier xsi:type="ChoiceTypeSpecifier">
            <choice xsi:type="ListTypeSpecifier">
               <elementType name="t:String" xsi:type="NamedTypeSpecifier"/>
            </choice>
            <choice name="t:String" xsi:type="NamedTypeSpecifier"/>
         </resultTypeSpecifier>
         <expression localId="183" locator="83:3-91:5" xsi:type="Case">
            <resultTypeSpecifier xsi:type="ChoiceTypeSpecifier">
               <choice xsi:type="ListTypeSpecifier">
                  <elementType name="t:String" xsi:type="NamedTypeSpecifier"/>
               </choice>
               <choice name="t:String" xsi:type="NamedTypeSpecifier"/>
            </resultTypeSpecifier>
            <caseItem localId="173" locator="85:5-85:65">
               <when localId="171" locator="85:10-85:39" resultTypeName="t:Boolean" xsi:type="Not">
                  <operand locator="85:10-85:39" resultTypeName="t:Boolean" xsi:type="IsNull">
                     <operand localId="170" locator="85:10-85:27" name="OpenMRS Location" xsi:type="ExpressionRef">
                        <resultTypeSpecifier xsi:type="ListTypeSpecifier">
                           <elementType name="t:String" xsi:type="NamedTypeSpecifier"/>
                        </resultTypeSpecifier>
                     </operand>
                  </operand>
               </when>
               <then xsi:type="As">
                  <operand localId="172" locator="85:46-85:65" name="OpenMRS Location" xsi:type="ExpressionRef">
                     <resultTypeSpecifier xsi:type="ListTypeSpecifier">
                        <elementType name="t:String" xsi:type="NamedTypeSpecifier"/>
                     </resultTypeSpecifier>
                  </operand>
                  <asTypeSpecifier xsi:type="ChoiceTypeSpecifier">
                     <choice xsi:type="ListTypeSpecifier">
                        <elementType name="t:String" xsi:type="NamedTypeSpecifier"/>
                     </choice>
                     <choice name="t:String" xsi:type="NamedTypeSpecifier"/>
                  </asTypeSpecifier>
               </then>
            </caseItem>
            <caseItem localId="177" locator="87:5-87:59">
               <when localId="175" locator="87:10-87:36" resultTypeName="t:Boolean" xsi:type="Not">
                  <operand locator="87:10-87:36" resultTypeName="t:Boolean" xsi:type="IsNull">
                     <operand localId="174" locator="87:10-87:24" resultTypeName="t:String" name="Last Location" xsi:type="ExpressionRef"/>
                  </operand>
               </when>
               <then xsi:type="As">
                  <operand localId="176" locator="87:43-87:59" resultTypeName="t:String" name="Last Location" xsi:type="ExpressionRef"/>
                  <asTypeSpecifier xsi:type="ChoiceTypeSpecifier">
                     <choice xsi:type="ListTypeSpecifier">
                        <elementType name="t:String" xsi:type="NamedTypeSpecifier"/>
                     </choice>
                     <choice name="t:String" xsi:type="NamedTypeSpecifier"/>
                  </asTypeSpecifier>
               </then>
            </caseItem>
            <caseItem localId="181" locator="89:5-89:73">
               <when localId="179" locator="89:10-89:43" resultTypeName="t:Boolean" xsi:type="Not">
                  <operand locator="89:10-89:43" resultTypeName="t:Boolean" xsi:type="IsNull">
                     <operand localId="178" locator="89:10-89:31" name="Last serviceProvider" xsi:type="ExpressionRef">
                        <resultTypeSpecifier xsi:type="ListTypeSpecifier">
                           <elementType name="t:String" xsi:type="NamedTypeSpecifier"/>
                        </resultTypeSpecifier>
                     </operand>
                  </operand>
               </when>
               <then xsi:type="As">
                  <operand localId="180" locator="89:50-89:73" name="Last serviceProvider" xsi:type="ExpressionRef">
                     <resultTypeSpecifier xsi:type="ListTypeSpecifier">
                        <elementType name="t:String" xsi:type="NamedTypeSpecifier"/>
                     </resultTypeSpecifier>
                  </operand>
                  <asTypeSpecifier xsi:type="ChoiceTypeSpecifier">
                     <choice xsi:type="ListTypeSpecifier">
                        <elementType name="t:String" xsi:type="NamedTypeSpecifier"/>
                     </choice>
                     <choice name="t:String" xsi:type="NamedTypeSpecifier"/>
                  </asTypeSpecifier>
               </then>
            </caseItem>
            <else xsi:type="As">
               <operand localId="182" locator="90:10-90:13" resultTypeName="t:Any" xsi:type="Null"/>
               <asTypeSpecifier xsi:type="ChoiceTypeSpecifier">
                  <choice xsi:type="ListTypeSpecifier">
                     <elementType name="t:String" xsi:type="NamedTypeSpecifier"/>
                  </choice>
                  <choice name="t:String" xsi:type="NamedTypeSpecifier"/>
               </asTypeSpecifier>
            </else>
         </expression>
      </def>
      <def localId="190" locator="94:1-95:36" resultTypeName="t:String" name="Debug location" context="Patient" accessLevel="Public">
         <annotation xsi:type="a:Annotation">
            <a:s r="190">
               <a:s>define &quot;Debug location&quot;: 
  </a:s>
               <a:s r="189">
                  <a:s>Combine(</a:s>
                  <a:s r="187">
                     <a:s>{ </a:s>
                     <a:s r="185">
                        <a:s>&quot;Location&quot;</a:s>
                     </a:s>
                     <a:s>, </a:s>
                     <a:s r="186">
                        <a:s>&quot;Sex&quot;</a:s>
                     </a:s>
                     <a:s>}</a:s>
                  </a:s>
                  <a:s>, </a:s>
                  <a:s r="188">
                     <a:s>':'</a:s>
                  </a:s>
                  <a:s>)</a:s>
               </a:s>
            </a:s>
         </annotation>
         <expression localId="189" locator="95:3-95:36" resultTypeName="t:String" xsi:type="Combine">
            <source xsi:type="Query">
               <source alias="X">
                  <expression localId="187" locator="95:11-95:30" xsi:type="List">
                     <resultTypeSpecifier xsi:type="ListTypeSpecifier">
                        <elementType xsi:type="ChoiceTypeSpecifier">
                           <choice xsi:type="ListTypeSpecifier">
                              <elementType name="t:String" xsi:type="NamedTypeSpecifier"/>
                           </choice>
                           <choice name="t:String" xsi:type="NamedTypeSpecifier"/>
                        </elementType>
                     </resultTypeSpecifier>
                     <element localId="185" locator="95:13-95:22" name="Location" xsi:type="ExpressionRef">
                        <resultTypeSpecifier xsi:type="ChoiceTypeSpecifier">
                           <choice xsi:type="ListTypeSpecifier">
                              <elementType name="t:String" xsi:type="NamedTypeSpecifier"/>
                           </choice>
                           <choice name="t:String" xsi:type="NamedTypeSpecifier"/>
                        </resultTypeSpecifier>
                     </element>
                     <element xsi:type="As">
                        <operand localId="186" locator="95:25-95:29" resultTypeName="t:String" name="Sex" xsi:type="ExpressionRef"/>
                        <asTypeSpecifier xsi:type="ChoiceTypeSpecifier">
                           <choice xsi:type="ListTypeSpecifier">
                              <elementType name="t:String" xsi:type="NamedTypeSpecifier"/>
                           </choice>
                           <choice name="t:String" xsi:type="NamedTypeSpecifier"/>
                        </asTypeSpecifier>
                     </element>
                  </expression>
               </source>
               <return distinct="false">
                  <expression asType="t:String" xsi:type="As">
                     <operand name="X" xsi:type="AliasRef"/>
                  </expression>
               </return>
            </source>
            <separator localId="188" locator="95:33-95:35" resultTypeName="t:String" valueType="t:String" value=":" xsi:type="Literal"/>
         </expression>
      </def>
      <def localId="201" locator="98:1-99:51" resultTypeName="t:String" name="Age Group/Sex/Location" context="Patient" accessLevel="Public">
         <annotation xsi:type="a:Annotation">
            <a:s r="201">
               <a:s>define &quot;Age Group/Sex/Location&quot;:
  </a:s>
               <a:s r="200">
                  <a:s r="198">
                     <a:s r="196">
                        <a:s r="194">
                           <a:s r="192">
                              <a:s r="191">
                                 <a:s>&quot;Age Group&quot;</a:s>
                              </a:s>
                              <a:s>.</a:s>
                              <a:s r="192">
                                 <a:s>code</a:s>
                              </a:s>
                           </a:s>
                           <a:s> &amp; </a:s>
                           <a:s r="193">
                              <a:s>':'</a:s>
                           </a:s>
                        </a:s>
                        <a:s> &amp; </a:s>
                        <a:s r="195">
                           <a:s>&quot;Sex&quot;</a:s>
                        </a:s>
                     </a:s>
                     <a:s> &amp; </a:s>
                     <a:s r="197">
                        <a:s>':'</a:s>
                     </a:s>
                  </a:s>
                  <a:s> &amp; </a:s>
                  <a:s r="199">
                     <a:s>&quot;Location&quot;</a:s>
                  </a:s>
               </a:s>
            </a:s>
         </annotation>
         <expression localId="200" locator="99:3-99:51" resultTypeName="t:String" xsi:type="Concatenate">
            <operand xsi:type="Coalesce">
               <operand localId="198" locator="99:3-99:38" resultTypeName="t:String" xsi:type="Concatenate">
                  <operand xsi:type="Coalesce">
                     <operand localId="196" locator="99:3-99:32" resultTypeName="t:String" xsi:type="Concatenate">
                        <operand xsi:type="Coalesce">
                           <operand localId="194" locator="99:3-99:24" resultTypeName="t:String" xsi:type="Concatenate">
                              <operand xsi:type="Coalesce">
                                 <operand localId="192" locator="99:3-99:18" resultTypeName="t:String" path="code" xsi:type="Property">
                                    <source localId="191" locator="99:3-99:13" resultTypeName="t:Code" name="Age Group" xsi:type="ExpressionRef"/>
                                 </operand>
                                 <operand valueType="t:String" value="" xsi:type="Literal"/>
                              </operand>
                              <operand xsi:type="Coalesce">
                                 <operand localId="193" locator="99:22-99:24" resultTypeName="t:String" valueType="t:String" value=":" xsi:type="Literal"/>
                                 <operand valueType="t:String" value="" xsi:type="Literal"/>
                              </operand>
                           </operand>
                           <operand valueType="t:String" value="" xsi:type="Literal"/>
                        </operand>
                        <operand xsi:type="Coalesce">
                           <operand localId="195" locator="99:28-99:32" resultTypeName="t:String" name="Sex" xsi:type="ExpressionRef"/>
                           <operand valueType="t:String" value="" xsi:type="Literal"/>
                        </operand>
                     </operand>
                     <operand valueType="t:String" value="" xsi:type="Literal"/>
                  </operand>
                  <operand xsi:type="Coalesce">
                     <operand localId="197" locator="99:36-99:38" resultTypeName="t:String" valueType="t:String" value=":" xsi:type="Literal"/>
                     <operand valueType="t:String" value="" xsi:type="Literal"/>
                  </operand>
               </operand>
               <operand valueType="t:String" value="" xsi:type="Literal"/>
            </operand>
            <operand xsi:type="Coalesce">
               <operand asType="t:String" xsi:type="As">
                  <operand localId="199" locator="99:42-99:51" name="Location" xsi:type="ExpressionRef">
                     <resultTypeSpecifier xsi:type="ChoiceTypeSpecifier">
                        <choice xsi:type="ListTypeSpecifier">
                           <elementType name="t:String" xsi:type="NamedTypeSpecifier"/>
                        </choice>
                        <choice name="t:String" xsi:type="NamedTypeSpecifier"/>
                     </resultTypeSpecifier>
                  </operand>
               </operand>
               <operand valueType="t:String" value="" xsi:type="Literal"/>
            </operand>
         </expression>
      </def>
      <def localId="212" locator="102:1-103:51" resultTypeName="t:String" name="Age Group/Sex/Location TXCURR" context="Patient" accessLevel="Public">
         <annotation xsi:type="a:Annotation">
            <a:s r="212">
               <a:s>define &quot;Age Group/Sex/Location TXCURR&quot;:
  </a:s>
               <a:s r="211">
                  <a:s r="209">
                     <a:s r="207">
                        <a:s r="205">
                           <a:s r="203">
                              <a:s r="202">
                                 <a:s>&quot;Age Group&quot;</a:s>
                              </a:s>
                              <a:s>.</a:s>
                              <a:s r="203">
                                 <a:s>code</a:s>
                              </a:s>
                           </a:s>
                           <a:s> + </a:s>
                           <a:s r="204">
                              <a:s>':'</a:s>
                           </a:s>
                        </a:s>
                        <a:s> + </a:s>
                        <a:s r="206">
                           <a:s>&quot;Sex&quot;</a:s>
                        </a:s>
                     </a:s>
                     <a:s> + </a:s>
                     <a:s r="208">
                        <a:s>':'</a:s>
                     </a:s>
                  </a:s>
                  <a:s> + </a:s>
                  <a:s r="210">
                     <a:s>&quot;Location&quot;</a:s>
                  </a:s>
               </a:s>
            </a:s>
         </annotation>
         <expression localId="211" locator="103:3-103:51" resultTypeName="t:String" xsi:type="Concatenate">
            <operand localId="209" locator="103:3-103:38" resultTypeName="t:String" xsi:type="Concatenate">
               <operand localId="207" locator="103:3-103:32" resultTypeName="t:String" xsi:type="Concatenate">
                  <operand localId="205" locator="103:3-103:24" resultTypeName="t:String" xsi:type="Concatenate">
                     <operand localId="203" locator="103:3-103:18" resultTypeName="t:String" path="code" xsi:type="Property">
                        <source localId="202" locator="103:3-103:13" resultTypeName="t:Code" name="Age Group" xsi:type="ExpressionRef"/>
                     </operand>
                     <operand localId="204" locator="103:22-103:24" resultTypeName="t:String" valueType="t:String" value=":" xsi:type="Literal"/>
                  </operand>
                  <operand localId="206" locator="103:28-103:32" resultTypeName="t:String" name="Sex" xsi:type="ExpressionRef"/>
               </operand>
               <operand localId="208" locator="103:36-103:38" resultTypeName="t:String" valueType="t:String" value=":" xsi:type="Literal"/>
            </operand>
            <operand asType="t:String" xsi:type="As">
               <operand localId="210" locator="103:42-103:51" name="Location" xsi:type="ExpressionRef">
                  <resultTypeSpecifier xsi:type="ChoiceTypeSpecifier">
                     <choice xsi:type="ListTypeSpecifier">
                        <elementType name="t:String" xsi:type="NamedTypeSpecifier"/>
                     </choice>
                     <choice name="t:String" xsi:type="NamedTypeSpecifier"/>
                  </resultTypeSpecifier>
               </operand>
            </operand>
         </expression>
      </def>
      <def localId="223" locator="106:1-107:51" resultTypeName="t:String" name="Age Group/Sex/Location Case Switch" context="Patient" accessLevel="Public">
         <annotation xsi:type="a:Annotation">
            <a:s r="223">
               <a:s>define &quot;Age Group/Sex/Location Case Switch&quot;:
  </a:s>
               <a:s r="222">
                  <a:s r="220">
                     <a:s r="218">
                        <a:s r="216">
                           <a:s r="214">
                              <a:s r="213">
                                 <a:s>&quot;Age Group&quot;</a:s>
                              </a:s>
                              <a:s>.</a:s>
                              <a:s r="214">
                                 <a:s>code</a:s>
                              </a:s>
                           </a:s>
                           <a:s> + </a:s>
                           <a:s r="215">
                              <a:s>':'</a:s>
                           </a:s>
                        </a:s>
                        <a:s> + </a:s>
                        <a:s r="217">
                           <a:s>&quot;Sex&quot;</a:s>
                        </a:s>
                     </a:s>
                     <a:s> + </a:s>
                     <a:s r="219">
                        <a:s>':'</a:s>
                     </a:s>
                  </a:s>
                  <a:s> + </a:s>
                  <a:s r="221">
                     <a:s>&quot;Location&quot;</a:s>
                  </a:s>
               </a:s>
            </a:s>
         </annotation>
         <expression localId="222" locator="107:3-107:51" resultTypeName="t:String" xsi:type="Concatenate">
            <operand localId="220" locator="107:3-107:38" resultTypeName="t:String" xsi:type="Concatenate">
               <operand localId="218" locator="107:3-107:32" resultTypeName="t:String" xsi:type="Concatenate">
                  <operand localId="216" locator="107:3-107:24" resultTypeName="t:String" xsi:type="Concatenate">
                     <operand localId="214" locator="107:3-107:18" resultTypeName="t:String" path="code" xsi:type="Property">
                        <source localId="213" locator="107:3-107:13" resultTypeName="t:Code" name="Age Group" xsi:type="ExpressionRef"/>
                     </operand>
                     <operand localId="215" locator="107:22-107:24" resultTypeName="t:String" valueType="t:String" value=":" xsi:type="Literal"/>
                  </operand>
                  <operand localId="217" locator="107:28-107:32" resultTypeName="t:String" name="Sex" xsi:type="ExpressionRef"/>
               </operand>
               <operand localId="219" locator="107:36-107:38" resultTypeName="t:String" valueType="t:String" value=":" xsi:type="Literal"/>
            </operand>
            <operand asType="t:String" xsi:type="As">
               <operand localId="221" locator="107:42-107:51" name="Location" xsi:type="ExpressionRef">
                  <resultTypeSpecifier xsi:type="ChoiceTypeSpecifier">
                     <choice xsi:type="ListTypeSpecifier">
                        <elementType name="t:String" xsi:type="NamedTypeSpecifier"/>
                     </choice>
                     <choice name="t:String" xsi:type="NamedTypeSpecifier"/>
                  </resultTypeSpecifier>
               </operand>
            </operand>
         </expression>
      </def>
   </statements>
</library>
