{
   "library" : {
      "annotation" : [ {
         "translatorOptions" : "EnableAnnotations,EnableLocators,EnableResultTypes,DisableListDemotion,DisableListPromotion",
         "type" : "CqlToElmInfo"
      } ],
      "identifier" : {
         "id" : "Debug",
         "system" : "https://path-global-health.github.io/MERindicators",
         "version" : "0.1.0"
      },
      "schemaIdentifier" : {
         "id" : "urn:hl7-org:elm",
         "version" : "r1"
      },
      "usings" : {
         "def" : [ {
            "localIdentifier" : "System",
            "uri" : "urn:hl7-org:elm-types:r1"
         }, {
            "localId" : "1",
            "locator" : "3:1-3:26",
            "localIdentifier" : "FHIR",
            "uri" : "http://hl7.org/fhir",
            "version" : "4.0.1",
            "annotation" : [ {
               "type" : "Annotation",
               "s" : {
                  "r" : "1",
                  "s" : [ {
                     "value" : [ "","using " ]
                  }, {
                     "s" : [ {
                        "value" : [ "FHIR" ]
                     } ]
                  }, {
                     "value" : [ " version ","'4.0.1'" ]
                  } ]
               }
            } ]
         } ]
      },
      "includes" : {
         "def" : [ {
            "localId" : "2",
            "locator" : "5:1-5:35",
            "localIdentifier" : "FHIRHelpers",
            "path" : "https://path-global-health.github.io/MERindicators/FHIRHelpers",
            "version" : "4.0.1",
            "annotation" : [ {
               "type" : "Annotation",
               "s" : {
                  "r" : "2",
                  "s" : [ {
                     "value" : [ "","include " ]
                  }, {
                     "s" : [ {
                        "value" : [ "FHIRHelpers" ]
                     } ]
                  }, {
                     "value" : [ " version ","'4.0.1'" ]
                  } ]
               }
            } ]
         }, {
            "localId" : "3",
            "locator" : "6:1-6:44",
            "localIdentifier" : "FC",
            "path" : "https://path-global-health.github.io/MERindicators/FHIRCommon",
            "version" : "4.0.1",
            "annotation" : [ {
               "type" : "Annotation",
               "s" : {
                  "r" : "3",
                  "s" : [ {
                     "value" : [ "","include " ]
                  }, {
                     "s" : [ {
                        "value" : [ "FHIRCommon" ]
                     } ]
                  }, {
                     "value" : [ " version ","'4.0.1'"," called ","FC" ]
                  } ]
               }
            } ]
         }, {
            "localId" : "4",
            "locator" : "7:1-7:34",
            "localIdentifier" : "Cx",
            "path" : "https://path-global-health.github.io/MERindicators/KenyaEMRConcepts",
            "annotation" : [ {
               "type" : "Annotation",
               "s" : {
                  "r" : "4",
                  "s" : [ {
                     "value" : [ "","include " ]
                  }, {
                     "s" : [ {
                        "value" : [ "KenyaEMRConcepts" ]
                     } ]
                  }, {
                     "value" : [ " called ","Cx" ]
                  } ]
               }
            } ]
         }, {
            "localId" : "5",
            "locator" : "8:1-8:46",
            "localIdentifier" : "Stratifiers",
            "path" : "https://path-global-health.github.io/MERindicators/KenyaEMRStratifiers",
            "annotation" : [ {
               "type" : "Annotation",
               "s" : {
                  "r" : "5",
                  "s" : [ {
                     "value" : [ "","include " ]
                  }, {
                     "s" : [ {
                        "value" : [ "KenyaEMRStratifiers" ]
                     } ]
                  }, {
                     "value" : [ " called ","Stratifiers" ]
                  } ]
               }
            } ]
         } ]
      },
      "parameters" : {
         "def" : [ {
            "localId" : "11",
            "locator" : "14:1-14:94",
            "name" : "Measurement Period",
            "accessLevel" : "Public",
            "annotation" : [ {
               "type" : "Annotation",
               "s" : {
                  "r" : "11",
                  "s" : [ {
                     "value" : [ "// Provide a default interval or period-based tests will fail when evaluating CQL against test cases\n// Need DateTime eg @2014-01-25T not Date, eg not this: @2014-01-25\n// The $evaluate-measure operation's parameters 'periodStart' and 'periodEnd' override this in any case\n","parameter ","\"Measurement Period\""," " ]
                  }, {
                     "r" : "10",
                     "s" : [ {
                        "value" : [ "Interval<" ]
                     }, {
                        "r" : "9",
                        "s" : [ {
                           "value" : [ "DateTime" ]
                        } ]
                     }, {
                        "value" : [ ">" ]
                     } ]
                  }, {
                     "value" : [ " default " ]
                  }, {
                     "r" : "8",
                     "s" : [ {
                        "r" : "6",
                        "value" : [ "Interval[","@1990-01-01T",", ","@2023-12-31T","]" ]
                     } ]
                  } ]
               }
            } ],
            "resultTypeSpecifier" : {
               "type" : "IntervalTypeSpecifier",
               "pointType" : {
                  "name" : "{urn:hl7-org:elm-types:r1}DateTime",
                  "type" : "NamedTypeSpecifier"
               }
            },
            "default" : {
               "localId" : "8",
               "locator" : "14:59-14:94",
               "lowClosed" : true,
               "highClosed" : true,
               "type" : "Interval",
               "resultTypeSpecifier" : {
                  "type" : "IntervalTypeSpecifier",
                  "pointType" : {
                     "name" : "{urn:hl7-org:elm-types:r1}DateTime",
                     "type" : "NamedTypeSpecifier"
                  }
               },
               "low" : {
                  "localId" : "6",
                  "locator" : "14:68-14:79",
                  "resultTypeName" : "{urn:hl7-org:elm-types:r1}DateTime",
                  "type" : "DateTime",
                  "year" : {
                     "valueType" : "{urn:hl7-org:elm-types:r1}Integer",
                     "value" : "1990",
                     "type" : "Literal"
                  },
                  "month" : {
                     "valueType" : "{urn:hl7-org:elm-types:r1}Integer",
                     "value" : "1",
                     "type" : "Literal"
                  },
                  "day" : {
                     "valueType" : "{urn:hl7-org:elm-types:r1}Integer",
                     "value" : "1",
                     "type" : "Literal"
                  }
               },
               "high" : {
                  "localId" : "7",
                  "locator" : "14:82-14:93",
                  "resultTypeName" : "{urn:hl7-org:elm-types:r1}DateTime",
                  "type" : "DateTime",
                  "year" : {
                     "valueType" : "{urn:hl7-org:elm-types:r1}Integer",
                     "value" : "2023",
                     "type" : "Literal"
                  },
                  "month" : {
                     "valueType" : "{urn:hl7-org:elm-types:r1}Integer",
                     "value" : "12",
                     "type" : "Literal"
                  },
                  "day" : {
                     "valueType" : "{urn:hl7-org:elm-types:r1}Integer",
                     "value" : "31",
                     "type" : "Literal"
                  }
               }
            },
            "parameterTypeSpecifier" : {
               "localId" : "10",
               "locator" : "14:32-14:49",
               "type" : "IntervalTypeSpecifier",
               "resultTypeSpecifier" : {
                  "type" : "IntervalTypeSpecifier",
                  "pointType" : {
                     "name" : "{urn:hl7-org:elm-types:r1}DateTime",
                     "type" : "NamedTypeSpecifier"
                  }
               },
               "pointType" : {
                  "localId" : "9",
                  "locator" : "14:41-14:48",
                  "resultTypeName" : "{urn:hl7-org:elm-types:r1}DateTime",
                  "name" : "{urn:hl7-org:elm-types:r1}DateTime",
                  "type" : "NamedTypeSpecifier"
               }
            }
         } ]
      },
      "contexts" : {
         "def" : [ {
            "locator" : "18:1-18:15",
            "name" : "Patient"
         } ]
      },
      "statements" : {
         "def" : [ {
            "locator" : "18:1-18:15",
            "name" : "Patient",
            "context" : "Patient",
            "expression" : {
               "type" : "SingletonFrom",
               "operand" : {
                  "locator" : "18:1-18:15",
                  "dataType" : "{http://hl7.org/fhir}Patient",
                  "templateId" : "http://hl7.org/fhir/StructureDefinition/Patient",
                  "type" : "Retrieve"
               }
            }
         } ]
      }
   }
}